Aba,Fejér
Abádszalók,Jász-Nagykun-Szolnok
Abaliget,1
Abasár,Heves
Abaújalpár,Borsod-Abaúj-Zemplén
Abaújkér,Borsod-Abaúj-Zemplén
Abaújlak,Borsod-Abaúj-Zemplén
Abaújszántó,Borsod-Abaúj-Zemplén
Abaújszolnok,Borsod-Abaúj-Zemplén
Abaújvár,Borsod-Abaúj-Zemplén
Abda,Győr-Moson-Sopron
Abod,Borsod-Abaúj-Zemplén
Abony,Pest
Ábrahámhegy,Veszprém
Ács,Komárom-Esztergom
Acsa,Pest
Acsád,Vas
Acsalag,Győr-Moson-Sopron
Ácsteszér,Komárom-Esztergom
Adács,Heves
Ádánd,Somogy
Adásztevel,Veszprém
Adony,Fejér
Adorjánháza,Veszprém
Adorjás,1
Ág,1
Ágasegyháza,Bács-Kiskun
Ágfalva,Győr-Moson-Sopron
Aggtelek,Borsod-Abaúj-Zemplén
Agyagosszergény,Győr-Moson-Sopron
Ajak,Szabolcs-Szatmár-Bereg
Ajka,Veszprém
Aka,Komárom-Esztergom
Akasztó,Bács-Kiskun
Alacska,Borsod-Abaúj-Zemplén
Alap,Fejér
Alattyán,Jász-Nagykun-Szolnok
Albertirsa,Pest
Alcsútdoboz,Fejér
Aldebrő,Heves
Algyő,Csongrád-Csanád
Alibánfa,Zala
Almamellék,1
Almásfüzitő,Komárom-Esztergom
Almásháza,Zala
Almáskamarás,Békés
Almáskeresztúr,1
Álmosd,Hajdú-Bihar
Alsóberecki,Borsod-Abaúj-Zemplén
Alsóbogát,Somogy
Alsódobsza,Borsod-Abaúj-Zemplén
Alsógagy,Borsod-Abaúj-Zemplén
Alsómocsolád,1
Alsónána,Tolna
Alsónémedi,Pest
Alsónemesapáti,Zala
Alsónyék,Tolna
Alsóörs,Veszprém
Alsópáhok,Zala
Alsópetény,Nógrád
Alsórajk,Zala
Alsóregmec,Borsod-Abaúj-Zemplén
Alsószenterzsébet,Zala
Alsószentiván,Fejér
Alsószentmárton,1
Alsószölnök,Vas
Alsószuha,Borsod-Abaúj-Zemplén
Alsótelekes,Borsod-Abaúj-Zemplén
Alsótold,Nógrád
Alsóújlak,Vas
Alsóvadász,Borsod-Abaúj-Zemplén
Alsózsolca,Borsod-Abaúj-Zemplén
Ambrózfalva,Csongrád-Csanád
Anarcs,Szabolcs-Szatmár-Bereg
Andocs,Somogy
Andornaktálya,Heves
Andrásfa,Vas
Annavölgy,Komárom-Esztergom
Apácatorna,Veszprém
Apagy,Szabolcs-Szatmár-Bereg
Apaj,Pest
Aparhant,Tolna
Apátfalva,Csongrád-Csanád
Apátistvánfalva,Vas
Apátvarasd,1
Apc,Heves
Áporka,Pest
Apostag,Bács-Kiskun
Aranyosapáti,Szabolcs-Szatmár-Bereg
Aranyosgadány,1
Arka,Borsod-Abaúj-Zemplén
Arló,Borsod-Abaúj-Zemplén
Arnót,Borsod-Abaúj-Zemplén
Ároktő,Borsod-Abaúj-Zemplén
Árpádhalom,Csongrád-Csanád
Árpás,Győr-Moson-Sopron
Ártánd,Hajdú-Bihar
Ásotthalom,Csongrád-Csanád
Ásványráró,Győr-Moson-Sopron
Aszaló,Borsod-Abaúj-Zemplén
Ászár,Komárom-Esztergom
Aszód,Pest
Aszófő,Veszprém
Áta,1
Átány,Heves
Atkár,Heves
Attala,Tolna
Babarc,1
Babarcszőlős,1
Babócsa,Somogy
Bábolna,Komárom-Esztergom
Bábonymegyer,Somogy
Babosdöbréte,Zala
Babót,Győr-Moson-Sopron
Bácsalmás,Bács-Kiskun
Bácsbokod,Bács-Kiskun
Bácsborsód,Bács-Kiskun
Bácsszentgyörgy,Bács-Kiskun
Bácsszőlős,Bács-Kiskun
Badacsonytomaj,Veszprém
Badacsonytördemic,Veszprém
Bag,Pest
Bagamér,Hajdú-Bihar
Baglad,Zala
Bagod,Zala
Bágyogszovát,Győr-Moson-Sopron
Baj,Komárom-Esztergom
Baja,Bács-Kiskun
Bajánsenye,Vas
Bajna,Komárom-Esztergom
Bajót,Komárom-Esztergom
Bak,Zala
Bakháza,Somogy
Bakóca,1
Bakonszeg,Hajdú-Bihar
Bakonya,1
Bakonybánk,Komárom-Esztergom
Bakonybél,Veszprém
Bakonycsernye,Fejér
Bakonygyirót,Győr-Moson-Sopron
Bakonyjákó,Veszprém
Bakonykoppány,Veszprém
Bakonykúti,Fejér
Bakonynána,Veszprém
Bakonyoszlop,Veszprém
Bakonypéterd,Győr-Moson-Sopron
Bakonypölöske,Veszprém
Bakonyság,Veszprém
Bakonysárkány,Komárom-Esztergom
Bakonyszentiván,Veszprém
Bakonyszentkirály,Veszprém
Bakonyszentlászló,Győr-Moson-Sopron
Bakonyszombathely,Komárom-Esztergom
Bakonyszücs,Veszprém
Bakonytamási,Veszprém
Baks,Csongrád-Csanád
Baksa,1
Baktakék,Borsod-Abaúj-Zemplén
Baktalórántháza,Szabolcs-Szatmár-Bereg
Baktüttös,Zala
Balajt,Borsod-Abaúj-Zemplén
Balassagyarmat,Nógrád
Balástya,Csongrád-Csanád
Balaton,Heves
Balatonakali,Veszprém
Balatonakarattya,Veszprém
Balatonalmádi,Veszprém
Balatonberény,Somogy
Balatonboglár,Somogy
Balatoncsicsó,Veszprém
Balatonederics,Veszprém
Balatonendréd,Somogy
Balatonfenyves,Somogy
Balatonfőkajár,Veszprém
Balatonföldvár,Somogy
Balatonfüred,Veszprém
Balatonfűzfő,Veszprém
Balatongyörök,Zala
Balatonhenye,Veszprém
Balatonkenese,Veszprém
Balatonkeresztúr,Somogy
Balatonlelle,Somogy
Balatonmagyaród,Zala
Balatonmáriafürdő,Somogy
Balatonőszöd,Somogy
Balatonrendes,Veszprém
Balatonszabadi,Somogy
Balatonszárszó,Somogy
Balatonszemes,Somogy
Balatonszentgyörgy,Somogy
Balatonszepezd,Veszprém
Balatonszőlős,Veszprém
Balatonudvari,Veszprém
Balatonújlak,Somogy
Balatonvilágos,Somogy
Balinka,Fejér
Balkány,Szabolcs-Szatmár-Bereg
Ballószög,Bács-Kiskun
Balmazújváros,Hajdú-Bihar
Balogunyom,Vas
Balotaszállás,Bács-Kiskun
Balsa,Szabolcs-Szatmár-Bereg
Bálványos,Somogy
Bana,Komárom-Esztergom
Bánd,Veszprém
Bánfa,1
Bánhorváti,Borsod-Abaúj-Zemplén
Bánk,Nógrád
Bánokszentgyörgy,Zala
Bánréve,Borsod-Abaúj-Zemplén
Bár,1
Barabás,Szabolcs-Szatmár-Bereg
Baracs,Fejér
Baracska,Fejér
Báránd,Hajdú-Bihar
1hídvég,1
1jenő,1
1szentgyörgy,1
Barbacs,Győr-Moson-Sopron
Barcs,Somogy
Bárdudvarnok,Somogy
Barlahida,Zala
Bárna,Nógrád
Barnag,Veszprém
Bársonyos,Komárom-Esztergom
Basal,1
Baskó,Borsod-Abaúj-Zemplén
Báta,Tolna
Bátaapáti,Tolna
Bátaszék,Tolna
Baté,Somogy
Bátmonostor,Bács-Kiskun
Bátonyterenye,Nógrád
Bátor,Heves
Bátorliget,Szabolcs-Szatmár-Bereg
Battonya,Békés
Bátya,Bács-Kiskun
Batyk,Zala
Bázakerettye,Zala
Bazsi,Veszprém
Béb,Veszprém
Becsehely,Zala
Becske,Nógrád
Becskeháza,Borsod-Abaúj-Zemplén
Becsvölgye,Zala
Bedegkér,Somogy
Bedő,Hajdú-Bihar
Bejcgyertyános,Vas
Békás,Veszprém
Bekecs,Borsod-Abaúj-Zemplén
Békés,Békés
Békéscsaba,Békés
Békéssámson,Békés
Békésszentandrás,Békés
Bekölce,Heves
Bélapátfalva,Heves
Bélavár,Somogy
Belecska,Tolna
Beled,Győr-Moson-Sopron
Beleg,Somogy
Belezna,Zala
Bélmegyer,Békés
Beloiannisz,Fejér
Belsősárd,Zala
Belvárdgyula,1
Benk,Szabolcs-Szatmár-Bereg
Bénye,Pest
Bér,Nógrád
Bérbaltavár,Vas
Bercel,Nógrád
Beregdaróc,Szabolcs-Szatmár-Bereg
Beregsurány,Szabolcs-Szatmár-Bereg
Berekböszörmény,Hajdú-Bihar
Berekfürdő,Jász-Nagykun-Szolnok
Beremend,1
Berente,Borsod-Abaúj-Zemplén
Beret,Borsod-Abaúj-Zemplén
Berettyóújfalu,Hajdú-Bihar
Berhida,Veszprém
Berkenye,Nógrád
Berkesd,1
Berkesz,Szabolcs-Szatmár-Bereg
Bernecebaráti,Pest
Berzék,Borsod-Abaúj-Zemplén
Berzence,Somogy
Besence,1
Besenyőd,Szabolcs-Szatmár-Bereg
Besenyőtelek,Heves
Besenyszög,Jász-Nagykun-Szolnok
Besnyő,Fejér
Beszterec,Szabolcs-Szatmár-Bereg
Bezedek,1
Bezenye,Győr-Moson-Sopron
Bezeréd,Zala
Bezi,Győr-Moson-Sopron
Biatorbágy,Pest
Bicsérd,1
Bicske,Fejér
Bihardancsháza,Hajdú-Bihar
Biharkeresztes,Hajdú-Bihar
Biharnagybajom,Hajdú-Bihar
Bihartorda,Hajdú-Bihar
Biharugra,Békés
Bikács,Tolna
Bikal,1
Biri,Szabolcs-Szatmár-Bereg
Birján,1
Bisse,1
Boba,Vas
Bocfölde,Zala
Boconád,Heves
Bócsa,Bács-Kiskun
Bocska,Zala
Bocskaikert,Hajdú-Bihar
Boda,1
Bodajk,Fejér
Bodmér,Fejér
Bodolyabér,1
Bodonhely,Győr-Moson-Sopron
Bodony,Heves
Bodorfa,Veszprém
Bodrog,Somogy
Bodroghalom,Borsod-Abaúj-Zemplén
Bodrogkeresztúr,Borsod-Abaúj-Zemplén
Bodrogkisfalud,Borsod-Abaúj-Zemplén
Bodrogolaszi,Borsod-Abaúj-Zemplén
Bódvalenke,Borsod-Abaúj-Zemplén
Bódvarákó,Borsod-Abaúj-Zemplén
Bódvaszilas,Borsod-Abaúj-Zemplén
Bogács,Borsod-Abaúj-Zemplén
Bogád,1
Bogádmindszent,1
Bogdása,1
Bogyiszló,Tolna
Bogyoszló,Győr-Moson-Sopron
Bojt,Hajdú-Bihar
Bókaháza,Zala
Bokod,Komárom-Esztergom
Bokor,Nógrád
Boldog,Heves
Boldogasszonyfa,1
Boldogkőújfalu,Borsod-Abaúj-Zemplén
Boldogkőváralja,Borsod-Abaúj-Zemplén
Boldva,Borsod-Abaúj-Zemplén
Bolhás,Somogy
Bolhó,Somogy
Bóly,1
Boncodfölde,Zala
Bonyhád,Tolna
Bonyhádvarasd,Tolna
Bonnya,Somogy
Bordány,Csongrád-Csanád
Borgáta,Vas
Borjád,1
Borota,Bács-Kiskun
Borsfa,Zala
Borsodbóta,Borsod-Abaúj-Zemplén
Borsodgeszt,Borsod-Abaúj-Zemplén
Borsodivánka,Borsod-Abaúj-Zemplén
Borsodnádasd,Borsod-Abaúj-Zemplén
Borsodszentgyörgy,Borsod-Abaúj-Zemplén
Borsodszirák,Borsod-Abaúj-Zemplén
Borsosberény,Nógrád
Borszörcsök,Veszprém
Borzavár,Veszprém
Bosta,1
Botpalád,Szabolcs-Szatmár-Bereg
Botykapeterd,1
Bozzai,Vas
Bozsok,Vas
Bózsva,Borsod-Abaúj-Zemplén
Bő,Vas
Bőcs,Borsod-Abaúj-Zemplén
Böde,Zala
Bödeháza,Zala
Bögöt,Vas
Bögöte,Vas
Böhönye,Somogy
Bököny,Szabolcs-Szatmár-Bereg
Bölcske,Tolna
Bőny,Győr-Moson-Sopron
Börcs,Győr-Moson-Sopron
Börzönce,Zala
Bősárkány,Győr-Moson-Sopron
Bőszénfa,Somogy
Bucsa,Békés
Bucsu,Vas
Búcsúszentlászló,Zala
Bucsuta,Zala
Budajenő,Pest
Budakalász,Pest
Budakeszi,Pest
Budaörs,Pest
Budapest,Pest
Bugac,Bács-Kiskun
Bugacpusztaháza,Bács-Kiskun
Bugyi,Pest
Buj,Szabolcs-Szatmár-Bereg
Buják,Nógrád
Buzsák,Somogy
Bük,Vas
Bükkábrány,Borsod-Abaúj-Zemplén
Bükkaranyos,Borsod-Abaúj-Zemplén
Bükkmogyorósd,Borsod-Abaúj-Zemplén
Bükkösd,1
Bükkszék,Heves
Bükkszenterzsébet,Heves
Bükkszentkereszt,Borsod-Abaúj-Zemplén
Bükkszentmárton,Heves
Bükkzsérc,Borsod-Abaúj-Zemplén
Bürüs,1
Büssü,Somogy
Büttös,Borsod-Abaúj-Zemplén
Cák,Vas
Cakóháza,Győr-Moson-Sopron
Cece,Fejér
Cégénydányád,Szabolcs-Szatmár-Bereg
Cegléd,Pest
Ceglédbercel,Pest
Celldömölk,Vas
Cered,Nógrád
Chernelházadamonya,Vas
Cibakháza,Jász-Nagykun-Szolnok
Cigánd,Borsod-Abaúj-Zemplén
Cikó,Tolna
Cirák,Győr-Moson-Sopron
Cún,1
Csabacsűd,Békés
Csabaszabadi,Békés
Csabdi,Fejér
Csabrendek,Veszprém
Csáfordjánosfa,Győr-Moson-Sopron
Csaholc,Szabolcs-Szatmár-Bereg
Csajág,Veszprém
Csákány,Somogy
Csákánydoroszló,Vas
Csákberény,Fejér
Csákvár,Fejér
Csanádalberti,Csongrád-Csanád
Csanádapáca,Békés
Csanádpalota,Csongrád-Csanád
Csánig,Vas
Csány,Heves
Csányoszró,1
Csanytelek,Csongrád-Csanád
Csapi,Zala
Csapod,Győr-Moson-Sopron
Csárdaszállás,Békés
Csarnóta,1
Csaroda,Szabolcs-Szatmár-Bereg
Császár,Komárom-Esztergom
Császártöltés,Bács-Kiskun
Császló,Szabolcs-Szatmár-Bereg
Csátalja,Bács-Kiskun
Csatár,Zala
Csataszög,Jász-Nagykun-Szolnok
Csatka,Komárom-Esztergom
Csávoly,Bács-Kiskun
Csebény,1
Csécse,Nógrád
Csegöld,Szabolcs-Szatmár-Bereg
Csehbánya,Veszprém
Csehi,Vas
Csehimindszent,Vas
Csém,Komárom-Esztergom
Csemő,Pest
Csempeszkopács,Vas
Csengele,Csongrád-Csanád
Csenger,Szabolcs-Szatmár-Bereg
Csengersima,Szabolcs-Szatmár-Bereg
Csengerújfalu,Szabolcs-Szatmár-Bereg
Csengőd,Bács-Kiskun
Csénye,Vas
Csenyéte,Borsod-Abaúj-Zemplén
Csép,Komárom-Esztergom
Csépa,Jász-Nagykun-Szolnok
Csepreg,Vas
Csér,Győr-Moson-Sopron
Cserdi,1
Cserénfa,Somogy
Cserépfalu,Borsod-Abaúj-Zemplén
Cserépváralja,Borsod-Abaúj-Zemplén
Cserháthaláp,Nógrád
Cserhátsurány,Nógrád
Cserhátszentiván,Nógrád
Cserkeszőlő,Jász-Nagykun-Szolnok
Cserkút,1
Csernely,Borsod-Abaúj-Zemplén
Cserszegtomaj,Zala
Csertalakos,Zala
Csertő,1
Csesznek,Veszprém
Csesztreg,Zala
Csesztve,Nógrád
Csetény,Veszprém
Csévharaszt,Pest
Csibrák,Tolna
Csikéria,Bács-Kiskun
Csikóstőttős,Tolna
Csikvánd,Győr-Moson-Sopron
Csincse,Borsod-Abaúj-Zemplén
Csipkerek,Vas
Csitár,Nógrád
Csobád,Borsod-Abaúj-Zemplén
Csobaj,Borsod-Abaúj-Zemplén
Csobánka,Pest
Csókakő,Fejér
Csokonyavisonta,Somogy
Csokvaomány,Borsod-Abaúj-Zemplén
Csolnok,Komárom-Esztergom
Csólyospálos,Bács-Kiskun
Csoma,Somogy
Csomád,Pest
Csombárd,Somogy
Csongrád,Csongrád-Csanád
Csonkahegyhát,Zala
Csonkamindszent,1
Csopak,Veszprém
Csór,Fejér
Csorna,Győr-Moson-Sopron
Csorvás,Békés
Csót,Veszprém
Csöde,Zala
Csögle,Veszprém
Csökmő,Hajdú-Bihar
Csököly,Somogy
Csömend,Somogy
Csömödér,Zala
Csömör,Pest
Csönge,Vas
Csörnyeföld,Zala
Csörög,Pest
Csörötnek,Vas
Csősz,Fejér
Csővár,Pest
Csurgó,Somogy
Csurgónagymarton,Somogy
Dabas,Pest
Dabronc,Veszprém
Dabrony,Veszprém
Dad,Komárom-Esztergom
Dág,Komárom-Esztergom
Dáka,Veszprém
Dalmand,Tolna
Damak,Borsod-Abaúj-Zemplén
Dámóc,Borsod-Abaúj-Zemplén
Dánszentmiklós,Pest
Dány,Pest
Daraboshegy,Vas
Darány,Somogy
Darnó,Szabolcs-Szatmár-Bereg
Darnózseli,Győr-Moson-Sopron
Daruszentmiklós,Fejér
Darvas,Hajdú-Bihar
Dávod,Bács-Kiskun
Debercsény,Nógrád
Debrecen,Hajdú-Bihar
Debréte,Borsod-Abaúj-Zemplén
Decs,Tolna
Dédestapolcsány,Borsod-Abaúj-Zemplén
Dég,Fejér
Dejtár,Nógrád
Délegyháza,Pest
Demecser,Szabolcs-Szatmár-Bereg
Demjén,Heves
Dencsháza,1
Dénesfa,Győr-Moson-Sopron
Derecske,Hajdú-Bihar
Derekegyház,Csongrád-Csanád
Deszk,Csongrád-Csanád
Detek,Borsod-Abaúj-Zemplén
Detk,Heves
Dévaványa,Békés
Devecser,Veszprém
Dinnyeberki,1
Diósberény,Tolna
Diósd,Pest
Diósjenő,Nógrád
Dióskál,Zala
Diósviszló,1
Doba,Veszprém
Doboz,Békés
Dobri,Zala
Dobronhegy,Zala
Dóc,Csongrád-Csanád
Domaháza,Borsod-Abaúj-Zemplén
Domaszék,Csongrád-Csanád
Dombegyház,Békés
Dombiratos,Békés
Dombóvár,Tolna
Dombrád,Szabolcs-Szatmár-Bereg
Domony,Pest
Domoszló,Heves
Dormánd,Heves
Dorog,Komárom-Esztergom
Dorogháza,Nógrád
Dozmat,Vas
Döbörhegy,Vas
Döbröce,Zala
Döbrököz,Tolna
Döbrönte,Veszprém
Döge,Szabolcs-Szatmár-Bereg
Dömös,Komárom-Esztergom
Dömsöd,Pest
Dör,Győr-Moson-Sopron
Dörgicse,Veszprém
Döröske,Vas
Dötk,Zala
Dövény,Borsod-Abaúj-Zemplén
Drágszél,Bács-Kiskun
Drávacsehi,1
Drávacsepely,1
Drávafok,1
Drávagárdony,Somogy
Drávaiványi,1
Drávakeresztúr,1
Drávapalkonya,1
Drávapiski,1
Drávaszabolcs,1
Drávaszerdahely,1
Drávasztára,1
Drávatamási,Somogy
Drégelypalánk,Nógrád
Dubicsány,Borsod-Abaúj-Zemplén
Dudar,Veszprém
Duka,Vas
Dunaalmás,Komárom-Esztergom
Dunabogdány,Pest
Dunaegyháza,Bács-Kiskun
Dunafalva,Bács-Kiskun
Dunaföldvár,Tolna
Dunaharaszti,Pest
Dunakeszi,Pest
Dunakiliti,Győr-Moson-Sopron
Dunapataj,Bács-Kiskun
Dunaremete,Győr-Moson-Sopron
Dunaszeg,Győr-Moson-Sopron
Dunaszekcső,1
Dunaszentbenedek,Bács-Kiskun
Dunaszentgyörgy,Tolna
Dunaszentmiklós,Komárom-Esztergom
Dunaszentpál,Győr-Moson-Sopron
Dunasziget,Győr-Moson-Sopron
Dunatetétlen,Bács-Kiskun
Dunaújváros,Fejér
Dunavarsány,Pest
Dunavecse,Bács-Kiskun
Dusnok,Bács-Kiskun
Dúzs,Tolna
Ebergőc,Győr-Moson-Sopron
Ebes,Hajdú-Bihar
Écs,Győr-Moson-Sopron
Ecséd,Heves
Ecseg,Nógrád
Ecsegfalva,Békés
Ecseny,Somogy
Ecser,Pest
Edde,Somogy
Edelény,Borsod-Abaúj-Zemplén
Edve,Győr-Moson-Sopron
Eger,Heves
Egerág,1
Egeralja,Veszprém
Egeraracsa,Zala
Egerbakta,Heves
Egerbocs,Heves
Egercsehi,Heves
Egerfarmos,Heves
Egerlövő,Borsod-Abaúj-Zemplén
Egerszalók,Heves
Egerszólát,Heves
Égerszög,Borsod-Abaúj-Zemplén
Egervár,Zala
Egervölgy,Vas
Egyed,Győr-Moson-Sopron
Egyek,Hajdú-Bihar
Egyházasdengeleg,Nógrád
Egyházasfalu,Győr-Moson-Sopron
Egyházasgerge,Nógrád
Egyházasharaszti,1
Egyházashetye,Vas
Egyházashollós,Vas
Egyházaskesző,Veszprém
Egyházaskozár,1
Egyházasrádóc,Vas
Elek,Békés
Ellend,1
Előszállás,Fejér
Emőd,Borsod-Abaúj-Zemplén
Encs,Borsod-Abaúj-Zemplén
Encsencs,Szabolcs-Szatmár-Bereg
Endrefalva,Nógrád
Endrőc,1
Enese,Győr-Moson-Sopron
Enying,Fejér
Eperjes,Csongrád-Csanád
Eperjeske,Szabolcs-Szatmár-Bereg
Eplény,Veszprém
Epöl,Komárom-Esztergom
Ercsi,Fejér
Érd,Pest
Erdőbénye,Borsod-Abaúj-Zemplén
Erdőhorváti,Borsod-Abaúj-Zemplén
Erdőkertes,Pest
Erdőkövesd,Heves
Erdőkürt,Nógrád
Erdősmárok,1
Erdősmecske,1
Erdőtarcsa,Nógrád
Erdőtelek,Heves
Erk,Heves
Érpatak,Szabolcs-Szatmár-Bereg
Érsekcsanád,Bács-Kiskun
Érsekhalma,Bács-Kiskun
Érsekvadkert,Nógrád
Értény,Tolna
Erzsébet,1
Esztár,Hajdú-Bihar
Eszteregnye,Zala
Esztergályhorváti,Zala
Esztergom,Komárom-Esztergom
Ete,Komárom-Esztergom
Etes,Nógrád
Etyek,Fejér
Fábiánháza,Szabolcs-Szatmár-Bereg
Fábiánsebestyén,Csongrád-Csanád
Fácánkert,Tolna
Fadd,Tolna
Fáj,Borsod-Abaúj-Zemplén
Fajsz,Bács-Kiskun
Fancsal,Borsod-Abaúj-Zemplén
Farád,Győr-Moson-Sopron
Farkasgyepű,Veszprém
Farkaslyuk,Borsod-Abaúj-Zemplén
Farmos,Pest
Fazekasboda,1
Fedémes,Heves
Fegyvernek,Jász-Nagykun-Szolnok
Fehérgyarmat,Szabolcs-Szatmár-Bereg
Fehértó,Győr-Moson-Sopron
Fehérvárcsurgó,Fejér
Feked,1
Feketeerdő,Győr-Moson-Sopron
Felcsút,Fejér
Feldebrő,Heves
Felgyő,Csongrád-Csanád
Felpéc,Győr-Moson-Sopron
Felsőberecki,Borsod-Abaúj-Zemplén
Felsőcsatár,Vas
Felsődobsza,Borsod-Abaúj-Zemplén
Felsőegerszeg,1
Felsőgagy,Borsod-Abaúj-Zemplén
Felsőjánosfa,Vas
Felsőkelecsény,Borsod-Abaúj-Zemplén
Felsőlajos,Bács-Kiskun
Felsőmarác,Vas
Felsőmocsolád,Somogy
Felsőnána,Tolna
Felsőnyárád,Borsod-Abaúj-Zemplén
Felsőnyék,Tolna
Felsőörs,Veszprém
Felsőpáhok,Zala
Felsőpakony,Pest
Felsőpetény,Nógrád
Felsőrajk,Zala
Felsőregmec,Borsod-Abaúj-Zemplén
Felsőszenterzsébet,Zala
Felsőszentiván,Bács-Kiskun
Felsőszentmárton,1
Felsőszölnök,Vas
Felsőtárkány,Heves
Felsőtelekes,Borsod-Abaúj-Zemplén
Felsőtold,Nógrád
Felsővadász,Borsod-Abaúj-Zemplén
Felsőzsolca,Borsod-Abaúj-Zemplén
Fényeslitke,Szabolcs-Szatmár-Bereg
Fenyőfő,Győr-Moson-Sopron
Ferencszállás,Csongrád-Csanád
Fertőboz,Győr-Moson-Sopron
Fertőd,Győr-Moson-Sopron
Fertőendréd,Győr-Moson-Sopron
Fertőhomok,Győr-Moson-Sopron
Fertőrákos,Győr-Moson-Sopron
Fertőszentmiklós,Győr-Moson-Sopron
Fertőszéplak,Győr-Moson-Sopron
Fiad,Somogy
Filkeháza,Borsod-Abaúj-Zemplén
Fityeház,Zala
Foktő,Bács-Kiskun
Folyás,Hajdú-Bihar
Fonó,Somogy
Fony,Borsod-Abaúj-Zemplén
Fonyód,Somogy
Forráskút,Csongrád-Csanád
Forró,Borsod-Abaúj-Zemplén
Fót,Pest
Földeák,Csongrád-Csanád
Földes,Hajdú-Bihar
Főnyed,Somogy
Fulókércs,Borsod-Abaúj-Zemplén
Furta,Hajdú-Bihar
Füle,Fejér
Fülesd,Szabolcs-Szatmár-Bereg
Fülöp,Hajdú-Bihar
Fülöpháza,Bács-Kiskun
Fülöpjakab,Bács-Kiskun
Fülöpszállás,Bács-Kiskun
Fülpösdaróc,Szabolcs-Szatmár-Bereg
Fürged,Tolna
Füzér,Borsod-Abaúj-Zemplén
Füzérkajata,Borsod-Abaúj-Zemplén
Füzérkomlós,Borsod-Abaúj-Zemplén
Füzérradvány,Borsod-Abaúj-Zemplén
Füzesabony,Heves
Füzesgyarmat,Békés
Fűzvölgy,Zala
Gáborján,Hajdú-Bihar
Gáborjánháza,Zala
Gacsály,Szabolcs-Szatmár-Bereg
Gadács,Somogy
Gadány,Somogy
Gadna,Borsod-Abaúj-Zemplén
Gádoros,Békés
Gagyapáti,Borsod-Abaúj-Zemplén
Gagybátor,Borsod-Abaúj-Zemplén
Gagyvendégi,Borsod-Abaúj-Zemplén
Galambok,Zala
Galgaguta,Nógrád
Galgagyörk,Pest
Galgahévíz,Pest
Galgamácsa,Pest
Gálosfa,Somogy
Galvács,Borsod-Abaúj-Zemplén
Gamás,Somogy
Ganna,Veszprém
Gánt,Fejér
Gara,Bács-Kiskun
Garáb,Nógrád
Garabonc,Zala
Garadna,Borsod-Abaúj-Zemplén
Garbolc,Szabolcs-Szatmár-Bereg
Gárdony,Fejér
Garé,1
Gasztony,Vas
Gátér,Bács-Kiskun
Gávavencsellő,Szabolcs-Szatmár-Bereg
Géberjén,Szabolcs-Szatmár-Bereg
Gecse,Veszprém
Géderlak,Bács-Kiskun
Gégény,Szabolcs-Szatmár-Bereg
Gelej,Borsod-Abaúj-Zemplén
Gelénes,Szabolcs-Szatmár-Bereg
Gellénháza,Zala
Gelse,Zala
Gelsesziget,Zala
Gemzse,Szabolcs-Szatmár-Bereg
Gencsapáti,Vas
Gérce,Vas
Gerde,1
Gerendás,Békés
Gerényes,1
Geresdlak,1
Gerjen,Tolna
Gersekarát,Vas
Geszt,Békés
Gesztely,Borsod-Abaúj-Zemplén
Geszteréd,Szabolcs-Szatmár-Bereg
Gétye,Zala
Gibárt,Borsod-Abaúj-Zemplén
Gic,Veszprém
Gige,Somogy
Gilvánfa,1
Girincs,Borsod-Abaúj-Zemplén
Gógánfa,Veszprém
Golop,Borsod-Abaúj-Zemplén
Gomba,Pest
Gombosszeg,Zala
Gór,Vas
Gordisa,1
Gosztola,Zala
Göd,Pest
Gödöllő,Pest
Gödre,1
Gölle,Somogy
Gömörszőlős,Borsod-Abaúj-Zemplén
Gönc,Borsod-Abaúj-Zemplén
Göncruszka,Borsod-Abaúj-Zemplén
Gönyű,Győr-Moson-Sopron
Görbeháza,Hajdú-Bihar
Görcsöny,1
Görcsönydoboka,1
Görgeteg,Somogy
Gősfa,Zala
Grábóc,Tolna
Gulács,Szabolcs-Szatmár-Bereg
Gutorfölde,Zala
Gyál,Pest
Gyalóka,Győr-Moson-Sopron
Gyanógeregye,Vas
Gyarmat,Győr-Moson-Sopron
Gyékényes,Somogy
Gyenesdiás,Zala
Gyepükaján,Veszprém
Gyermely,Komárom-Esztergom
Gyód,1
Gyomaendrőd,Békés
Gyóró,Győr-Moson-Sopron
Gyömöre,Győr-Moson-Sopron
Gyömrő,Pest
Gyöngyfa,1
Gyöngyös,Heves
Gyöngyösfalu,Vas
Gyöngyöshalász,Heves
Gyöngyösmellék,1
Gyöngyösoroszi,Heves
Gyöngyöspata,Heves
Gyöngyössolymos,Heves
Gyöngyöstarján,Heves
Gyönk,Tolna
Győr,Győr-Moson-Sopron
Győrasszonyfa,Győr-Moson-Sopron
Györe,Tolna
Györgytarló,Borsod-Abaúj-Zemplén
Györköny,Tolna
Győrladamér,Győr-Moson-Sopron
Győröcske,Szabolcs-Szatmár-Bereg
Győrság,Győr-Moson-Sopron
Győrsövényház,Győr-Moson-Sopron
Győrszemere,Győr-Moson-Sopron
Győrtelek,Szabolcs-Szatmár-Bereg
Győrújbarát,Győr-Moson-Sopron
Győrújfalu,Győr-Moson-Sopron
Győrvár,Vas
Győrzámoly,Győr-Moson-Sopron
Gyugy,Somogy
Gyula,Békés
Gyulaháza,Szabolcs-Szatmár-Bereg
Gyulaj,Tolna
Gyulakeszi,Veszprém
Gyúró,Fejér
Gyügye,Szabolcs-Szatmár-Bereg
Gyüre,Szabolcs-Szatmár-Bereg
Gyűrűs,Zala
Hács,Somogy
Hagyárosbörönd,Zala
Hahót,Zala
Hajdúbagos,Hajdú-Bihar
Hajdúböszörmény,Hajdú-Bihar
Hajdúdorog,Hajdú-Bihar
Hajdúhadház,Hajdú-Bihar
Hajdúnánás,Hajdú-Bihar
Hajdúsámson,Hajdú-Bihar
Hajdúszoboszló,Hajdú-Bihar
Hajdúszovát,Hajdú-Bihar
Hajmás,Somogy
Hajmáskér,Veszprém
Hajós,Bács-Kiskun
Halastó,Vas
Halászi,Győr-Moson-Sopron
Halásztelek,Pest
Halimba,Veszprém
Halmaj,Borsod-Abaúj-Zemplén
Halmajugra,Heves
Halogy,Vas
Hangács,Borsod-Abaúj-Zemplén
Hangony,Borsod-Abaúj-Zemplén
Hantos,Fejér
Harasztifalu,Vas
Harc,Tolna
Harka,Győr-Moson-Sopron
Harkakötöny,Bács-Kiskun
Harkány,1
Háromfa,Somogy
Háromhuta,Borsod-Abaúj-Zemplén
Harsány,Borsod-Abaúj-Zemplén
Hárskút,Veszprém
Harta,Bács-Kiskun
Hásságy,1
Hatvan,Heves
Hédervár,Győr-Moson-Sopron
Hedrehely,Somogy
Hegyesd,Veszprém
Hegyeshalom,Győr-Moson-Sopron
Hegyfalu,Vas
Hegyháthodász,Vas
Hegyhátmaróc,1
Hegyhátsál,Vas
Hegyhátszentjakab,Vas
Hegyhátszentmárton,Vas
Hegyhátszentpéter,Vas
Hegykő,Győr-Moson-Sopron
Hegymagas,Veszprém
Hegymeg,Borsod-Abaúj-Zemplén
Hegyszentmárton,1
Héhalom,Nógrád
Hejce,Borsod-Abaúj-Zemplén
Hejőbába,Borsod-Abaúj-Zemplén
Hejőkeresztúr,Borsod-Abaúj-Zemplén
Hejőkürt,Borsod-Abaúj-Zemplén
Hejőpapi,Borsod-Abaúj-Zemplén
Hejőszalonta,Borsod-Abaúj-Zemplén
Helesfa,1
Helvécia,Bács-Kiskun
Hencida,Hajdú-Bihar
Hencse,Somogy
Herceghalom,Pest
Hercegkút,Borsod-Abaúj-Zemplén
Hercegszántó,Bács-Kiskun
Heréd,Heves
Héreg,Komárom-Esztergom
Herencsény,Nógrád
Herend,Veszprém
Heresznye,Somogy
Hermánszeg,Szabolcs-Szatmár-Bereg
Hernád,Pest
Hernádbűd,Borsod-Abaúj-Zemplén
Hernádcéce,Borsod-Abaúj-Zemplén
Hernádkak,Borsod-Abaúj-Zemplén
Hernádkércs,Borsod-Abaúj-Zemplén
Hernádnémeti,Borsod-Abaúj-Zemplén
Hernádpetri,Borsod-Abaúj-Zemplén
Hernádszentandrás,Borsod-Abaúj-Zemplén
Hernádszurdok,Borsod-Abaúj-Zemplén
Hernádvécse,Borsod-Abaúj-Zemplén
Hernyék,Zala
Hét,Borsod-Abaúj-Zemplén
Hetefejércse,Szabolcs-Szatmár-Bereg
Hetes,Somogy
Hetvehely,1
Hetyefő,Veszprém
Heves,Heves
Hevesaranyos,Heves
Hevesvezekény,Heves
Hévíz,Zala
Hévízgyörk,Pest
Hidas,1
Hidasnémeti,Borsod-Abaúj-Zemplén
Hidegkút,Veszprém
Hidegség,Győr-Moson-Sopron
Hidvégardó,Borsod-Abaúj-Zemplén
Himesháza,1
Himod,Győr-Moson-Sopron
Hirics,1
Hobol,1
Hodász,Szabolcs-Szatmár-Bereg
Hódmezővásárhely,Csongrád-Csanád
Hollád,Somogy
Hollóháza,Borsod-Abaúj-Zemplén
Hollókő,Nógrád
Homokbödöge,Veszprém
Homokkomárom,Zala
Homokmégy,Bács-Kiskun
Homokszentgyörgy,Somogy
Homorúd,1
Homrogd,Borsod-Abaúj-Zemplén
Hont,Nógrád
Horpács,Nógrád
Hort,Heves
Hortobágy,Hajdú-Bihar
Horváthertelend,1
Horvátlövő,Vas
Horvátzsidány,Vas
Hosszúhetény,1
Hosszúpályi,Hajdú-Bihar
Hosszúpereszteg,Vas
Hosszúvíz,Somogy
Hosszúvölgy,Zala
Hosztót,Veszprém
Hottó,Zala
Hőgyész,Tolna
Hövej,Győr-Moson-Sopron
Hugyag,Nógrád
Hunya,Békés
Hunyadfalva,Jász-Nagykun-Szolnok
Husztót,1
Ibafa,1
Iborfia,Zala
Ibrány,Szabolcs-Szatmár-Bereg
Igal,Somogy
Igar,Fejér
Igrici,Borsod-Abaúj-Zemplén
Iharos,Somogy
Iharosberény,Somogy
Ikervár,Vas
Iklad,Pest
Iklanberény,Vas
Iklódbördőce,Zala
Ikrény,Győr-Moson-Sopron
Iliny,Nógrád
Ilk,Szabolcs-Szatmár-Bereg
Illocska,1
Imola,Borsod-Abaúj-Zemplén
Imrehegy,Bács-Kiskun
Ináncs,Borsod-Abaúj-Zemplén
Inárcs,Pest
Inke,Somogy
Ipacsfa,1
Ipolydamásd,Pest
Ipolyszög,Nógrád
Ipolytarnóc,Nógrád
Ipolytölgyes,Pest
Ipolyvece,Nógrád
Iregszemcse,Tolna
Irota,Borsod-Abaúj-Zemplén
Isaszeg,Pest
Ispánk,Vas
Istenmezeje,Heves
Istvándi,Somogy
Iszkaszentgyörgy,Fejér
Iszkáz,Veszprém
Isztimér,Fejér
Ivád,Heves
Iván,Győr-Moson-Sopron
Ivánbattyán,1
Ivánc,Vas
Iváncsa,Fejér
Ivándárda,1
Izmény,Tolna
Izsák,Bács-Kiskun
Izsófalva,Borsod-Abaúj-Zemplén
Jágónak,Tolna
Ják,Vas
Jakabszállás,Bács-Kiskun
Jákfa,Vas
Jákfalva,Borsod-Abaúj-Zemplén
Jákó,Somogy
Jánd,Szabolcs-Szatmár-Bereg
Jánkmajtis,Szabolcs-Szatmár-Bereg
Jánoshalma,Bács-Kiskun
Jánosháza,Vas
Jánoshida,Jász-Nagykun-Szolnok
Jánossomorja,Győr-Moson-Sopron
Járdánháza,Borsod-Abaúj-Zemplén
Jármi,Szabolcs-Szatmár-Bereg
Jásd,Veszprém
Jászágó,Jász-Nagykun-Szolnok
Jászalsószentgyörgy,Jász-Nagykun-Szolnok
Jászapáti,Jász-Nagykun-Szolnok
Jászárokszállás,Jász-Nagykun-Szolnok
Jászberény,Jász-Nagykun-Szolnok
Jászboldogháza,Jász-Nagykun-Szolnok
Jászdózsa,Jász-Nagykun-Szolnok
Jászfelsőszentgyörgy,Jász-Nagykun-Szolnok
Jászfényszaru,Jász-Nagykun-Szolnok
Jászivány,Jász-Nagykun-Szolnok
Jászjákóhalma,Jász-Nagykun-Szolnok
Jászkarajenő,Pest
Jászkisér,Jász-Nagykun-Szolnok
Jászladány,Jász-Nagykun-Szolnok
Jászszentandrás,Jász-Nagykun-Szolnok
Jászszentlászló,Bács-Kiskun
Jásztelek,Jász-Nagykun-Szolnok
Jéke,Szabolcs-Szatmár-Bereg
Jenő,Fejér
Jobaháza,Győr-Moson-Sopron
Jobbágyi,Nógrád
Jósvafő,Borsod-Abaúj-Zemplén
Juta,Somogy
Kaba,Hajdú-Bihar
Kacorlak,Zala
Kács,Borsod-Abaúj-Zemplén
Kacsóta,1
Kadarkút,Somogy
Kajárpéc,Győr-Moson-Sopron
Kajászó,Fejér
Kajdacs,Tolna
Kakasd,Tolna
Kákics,1
Kakucs,Pest
Kál,Heves
Kalaznó,Tolna
Káld,Vas
Kálló,Nógrád
Kallósd,Zala
Kállósemjén,Szabolcs-Szatmár-Bereg
Kálmáncsa,Somogy
Kálmánháza,Szabolcs-Szatmár-Bereg
Kálócfa,Zala
Kalocsa,Bács-Kiskun
Káloz,Fejér
Kám,Vas
Kamond,Veszprém
Kamut,Békés
Kánó,Borsod-Abaúj-Zemplén
Kántorjánosi,Szabolcs-Szatmár-Bereg
Kány,Borsod-Abaúj-Zemplén
Kánya,Somogy
Kányavár,Zala
Kapolcs,Veszprém
Kápolna,Heves
Kápolnásnyék,Fejér
Kapoly,Somogy
Kaposfő,Somogy
Kaposgyarmat,Somogy
Kaposhomok,Somogy
Kaposkeresztúr,Somogy
Kaposmérő,Somogy
Kapospula,Tolna
Kaposújlak,Somogy
Kaposvár,Somogy
Kaposszekcső,Tolna
Kaposszerdahely,Somogy
Káptalanfa,Veszprém
Káptalantóti,Veszprém
Kapuvár,Győr-Moson-Sopron
Kára,Somogy
Karácsond,Heves
Karád,Somogy
Karakó,Vas
Karakószörcsök,Veszprém
Karancsalja,Nógrád
Karancsberény,Nógrád
Karancskeszi,Nógrád
Karancslapujtő,Nógrád
Karancsság,Nógrád
Kárász,1
Karcag,Jász-Nagykun-Szolnok
Karcsa,Borsod-Abaúj-Zemplén
Kardos,Békés
Kardoskút,Békés
Karmacs,Zala
Károlyháza,Győr-Moson-Sopron
Karos,Borsod-Abaúj-Zemplén
Kartal,Pest
Kásád,1
Kaskantyú,Bács-Kiskun
Kastélyosdombó,Somogy
Kaszaper,Békés
Kaszó,Somogy
Katádfa,1
Katafa,Vas
Kátoly,1
Katymár,Bács-Kiskun
Káva,Pest
Kávás,Zala
Kazár,Nógrád
Kazincbarcika,Borsod-Abaúj-Zemplén
Kázsmárk,Borsod-Abaúj-Zemplén
Kazsok,Somogy
Kecel,Bács-Kiskun
Kecskéd,Komárom-Esztergom
Kecskemét,Bács-Kiskun
Kehidakustány,Zala
Kék,Szabolcs-Szatmár-Bereg
Kékcse,Szabolcs-Szatmár-Bereg
Kéked,Borsod-Abaúj-Zemplén
Kékesd,1
Kékkút,Veszprém
Kelebia,Bács-Kiskun
Keléd,Vas
Kelemér,Borsod-Abaúj-Zemplén
Kéleshalom,Bács-Kiskun
Kelevíz,Somogy
Kemecse,Szabolcs-Szatmár-Bereg
Kemence,Pest
Kemendollár,Zala
Kemeneshőgyész,Veszprém
Kemeneskápolna,Vas
Kemenesmagasi,Vas
Kemenesmihályfa,Vas
Kemenespálfa,Vas
Kemenessömjén,Vas
Kemenesszentmárton,Vas
Kemenesszentpéter,Veszprém
Keménfa,Zala
Kémes,1
Kemestaródfa,Vas
Kemse,1
Kenderes,Jász-Nagykun-Szolnok
Kenéz,Vas
Kenézlő,Borsod-Abaúj-Zemplén
Kengyel,Jász-Nagykun-Szolnok
Kenyeri,Vas
Kercaszomor,Vas
Kercseliget,Somogy
Kerecsend,Heves
Kerecseny,Zala
Kerekegyháza,Bács-Kiskun
Kerekharaszt,Heves
Kereki,Somogy
Kerékteleki,Komárom-Esztergom
Kerepes,Pest
Keresztéte,Borsod-Abaúj-Zemplén
Kerkabarabás,Zala
Kerkafalva,Zala
Kerkakutas,Zala
Kerkáskápolna,Vas
Kerkaszentkirály,Zala
Kerkateskánd,Zala
Kérsemjén,Szabolcs-Szatmár-Bereg
Kerta,Veszprém
Kertészsziget,Békés
Keszeg,Nógrád
Kesznyéten,Borsod-Abaúj-Zemplén
Keszőhidegkút,Tolna
Keszthely,Zala
Kesztölc,Komárom-Esztergom
Keszü,1
Kétbodony,Nógrád
Kétegyháza,Békés
Kéthely,Somogy
Kétpó,Jász-Nagykun-Szolnok
Kétsoprony,Békés
Kétújfalu,1
Kétvölgy,Vas
Kéty,Tolna
Kevermes,Békés
Kilimán,Zala
Kimle,Győr-Moson-Sopron
Kincsesbánya,Fejér
Királd,Borsod-Abaúj-Zemplén
Királyegyháza,1
Királyhegyes,Csongrád-Csanád
Királyszentistván,Veszprém
Kisapáti,Veszprém
Kisapostag,Fejér
Kisar,Szabolcs-Szatmár-Bereg
Kisasszond,Somogy
Kisasszonyfa,1
Kisbabot,Győr-Moson-Sopron
Kisbágyon,Nógrád
Kisbajcs,Győr-Moson-Sopron
Kisbajom,Somogy
Kisbárapáti,Somogy
Kisbárkány,Nógrád
Kisbér,Komárom-Esztergom
Kisberény,Somogy
Kisberzseny,Veszprém
Kisbeszterce,1
Kisbodak,Győr-Moson-Sopron
Kisbucsa,Zala
Kisbudmér,1
Kiscsécs,Borsod-Abaúj-Zemplén
Kiscsehi,Zala
Kiscsősz,Veszprém
Kisdér,1
Kisdobsza,1
Kisdombegyház,Békés
Kisdorog,Tolna
Kisecset,Nógrád
Kisfalud,Győr-Moson-Sopron
Kisfüzes,Heves
Kisgörbő,Zala
Kisgyalán,Somogy
Kisgyőr,Borsod-Abaúj-Zemplén
Kishajmás,1
Kisharsány,1
Kishartyán,Nógrád
Kisherend,1
Kishódos,Szabolcs-Szatmár-Bereg
Kishuta,Borsod-Abaúj-Zemplén
Kisigmánd,Komárom-Esztergom
Kisjakabfalva,1
Kiskassa,1
Kiskinizs,Borsod-Abaúj-Zemplén
Kiskorpád,Somogy
Kisköre,Heves
Kiskőrös,Bács-Kiskun
Kiskunfélegyháza,Bács-Kiskun
Kiskunhalas,Bács-Kiskun
Kiskunlacháza,Pest
Kiskunmajsa,Bács-Kiskun
Kiskutas,Zala
Kisláng,Fejér
Kisléta,Szabolcs-Szatmár-Bereg
Kislippó,1
Kislőd,Veszprém
Kismányok,Tolna
Kismarja,Hajdú-Bihar
Kismaros,Pest
Kisnamény,Szabolcs-Szatmár-Bereg
Kisnána,Heves
Kisnémedi,Pest
Kisnyárád,1
Kisoroszi,Pest
Kispalád,Szabolcs-Szatmár-Bereg
Kispáli,Zala
Kispirit,Veszprém
Kisrákos,Vas
Kisrécse,Zala
Kisrozvágy,Borsod-Abaúj-Zemplén
Kissikátor,Borsod-Abaúj-Zemplén
Kissomlyó,Vas
Kistamási,1
Kistapolca,1
Kistarcsa,Pest
Kistelek,Csongrád-Csanád
Kistokaj,Borsod-Abaúj-Zemplén
Kistolmács,Zala
Kistormás,Tolna
Kistótfalu,1
Kisújszállás,Jász-Nagykun-Szolnok
Kisunyom,Vas
Kisvárda,Szabolcs-Szatmár-Bereg
Kisvarsány,Szabolcs-Szatmár-Bereg
Kisvásárhely,Zala
Kisvaszar,1
Kisvejke,Tolna
Kiszombor,Csongrád-Csanád
Kiszsidány,Vas
Kisszállás,Bács-Kiskun
Kisszékely,Tolna
Kisszekeres,Szabolcs-Szatmár-Bereg
Kisszentmárton,1
Kissziget,Zala
Kisszőlős,Veszprém
Klárafalva,Csongrád-Csanád
Kocs,Komárom-Esztergom
Kocsér,Pest
Kocsola,Tolna
Kocsord,Szabolcs-Szatmár-Bereg
Kóka,Pest
Kokad,Hajdú-Bihar
Kolontár,Veszprém
Komádi,Hajdú-Bihar
Komárom,Komárom-Esztergom
Komjáti,Borsod-Abaúj-Zemplén
Komló,1
Komlódtótfalu,Szabolcs-Szatmár-Bereg
Komlósd,Somogy
Komlóska,Borsod-Abaúj-Zemplén
Komoró,Szabolcs-Szatmár-Bereg
Kompolt,Heves
Kondó,Borsod-Abaúj-Zemplén
Kondorfa,Vas
Kondoros,Békés
Kóny,Győr-Moson-Sopron
Konyár,Hajdú-Bihar
Kópháza,Győr-Moson-Sopron
Koppányszántó,Tolna
Korlát,Borsod-Abaúj-Zemplén
Koroncó,Győr-Moson-Sopron
Kórós,1
Kosd,Pest
Kóspallag,Pest
Kótaj,Szabolcs-Szatmár-Bereg
Kovácshida,1
Kovácsszénája,1
Kovácsvágás,Borsod-Abaúj-Zemplén
Kozárd,Nógrád
Kozármisleny,1
Kozmadombja,Zala
Köblény,1
Köcsk,Vas
Kökény,1
Kőkút,Somogy
Kölcse,Szabolcs-Szatmár-Bereg
Kölesd,Tolna
Kölked,1
Kömlő,Heves
Kömlőd,Komárom-Esztergom
Kömörő,Szabolcs-Szatmár-Bereg
Kömpöc,Bács-Kiskun
Körmend,Vas
Környe,Komárom-Esztergom
Köröm,Borsod-Abaúj-Zemplén
Kőröshegy,Somogy
Körösladány,Békés
Körösnagyharsány,Békés
Köröstarcsa,Békés
Kőröstetétlen,Pest
Körösújfalu,Békés
Körösszakál,Hajdú-Bihar
Körösszegapáti,Hajdú-Bihar
Kőszárhegy,Fejér
Kőszeg,Vas
Kőszegdoroszló,Vas
Kőszegpaty,Vas
Kőszegszerdahely,Vas
Kötcse,Somogy
Kötegyán,Békés
Kőtelek,Jász-Nagykun-Szolnok
Kővágóörs,Veszprém
Kővágószőlős,1
Kővágótöttös,1
Kövegy,Csongrád-Csanád
Köveskál,Veszprém
Krasznokvajda,Borsod-Abaúj-Zemplén
Kulcs,Fejér
Kunadacs,Bács-Kiskun
Kunágota,Békés
Kunbaja,Bács-Kiskun
Kunbaracs,Bács-Kiskun
Kuncsorba,Jász-Nagykun-Szolnok
Kunfehértó,Bács-Kiskun
Kunhegyes,Jász-Nagykun-Szolnok
Kunmadaras,Jász-Nagykun-Szolnok
Kunpeszér,Bács-Kiskun
Kunszállás,Bács-Kiskun
Kunszentmárton,Jász-Nagykun-Szolnok
Kunszentmiklós,Bács-Kiskun
Kunsziget,Győr-Moson-Sopron
Kup,Veszprém
Kupa,Borsod-Abaúj-Zemplén
Kurd,Tolna
Kurityán,Borsod-Abaúj-Zemplén
Kustánszeg,Zala
Kutas,Somogy
Kutasó,Nógrád
Kübekháza,Csongrád-Csanád
Külsősárd,Zala
Külsővat,Veszprém
Küngös,Veszprém
Lábatlan,Komárom-Esztergom
Lábod,Somogy
Lácacséke,Borsod-Abaúj-Zemplén
Lad,Somogy
Ladánybene,Bács-Kiskun
Ládbesenyő,Borsod-Abaúj-Zemplén
Lajoskomárom,Fejér
Lajosmizse,Bács-Kiskun
Lak,Borsod-Abaúj-Zemplén
Lakhegy,Zala
Lakitelek,Bács-Kiskun
Lakócsa,Somogy
Lánycsók,1
Lápafő,Tolna
Lapáncsa,1
Laskod,Szabolcs-Szatmár-Bereg
Lasztonya,Zala
Látrány,Somogy
Lázi,Győr-Moson-Sopron
Leányfalu,Pest
Leányvár,Komárom-Esztergom
Lébény,Győr-Moson-Sopron
Legénd,Nógrád
Legyesbénye,Borsod-Abaúj-Zemplén
Léh,Borsod-Abaúj-Zemplén
Lénárddaróc,Borsod-Abaúj-Zemplén
Lendvadedes,Zala
Lendvajakabfa,Zala
Lengyel,Tolna
Lengyeltóti,Somogy
Lenti,Zala
Lepsény,Fejér
Lesencefalu,Veszprém
Lesenceistvánd,Veszprém
Lesencetomaj,Veszprém
Létavértes,Hajdú-Bihar
Letenye,Zala
Letkés,Pest
Levél,Győr-Moson-Sopron
Levelek,Szabolcs-Szatmár-Bereg
Libickozma,Somogy
Lickóvadamos,Zala
Liget,1
Ligetfalva,Zala
Lipót,Győr-Moson-Sopron
Lippó,1
Liptód,1
Lispeszentadorján,Zala
Liszó,Zala
Litér,Veszprém
Litka,Borsod-Abaúj-Zemplén
Litke,Nógrád
Lócs,Vas
Lókút,Veszprém
Lónya,Szabolcs-Szatmár-Bereg
Lórév,Pest
Lothárd,1
Lovas,Veszprém
Lovasberény,Fejér
Lovászhetény,1
Lovászi,Zala
Lovászpatona,Veszprém
Lőkösháza,Békés
Lőrinci,Heves
Lövő,Győr-Moson-Sopron
Lövőpetri,Szabolcs-Szatmár-Bereg
Lucfalva,Nógrád
Ludányhalászi,Nógrád
Ludas,Heves
Lukácsháza,Vas
Lulla,Somogy
Lúzsok,1
Mád,Borsod-Abaúj-Zemplén
Madaras,Bács-Kiskun
Madocsa,Tolna
Maglóca,Győr-Moson-Sopron
Maglód,Pest
Mágocs,1
Magosliget,Szabolcs-Szatmár-Bereg
Magy,Szabolcs-Szatmár-Bereg
Magyaralmás,Fejér
Magyaratád,Somogy
Magyarbánhegyes,Békés
Magyarbóly,1
Magyarcsanád,Csongrád-Csanád
Magyardombegyház,Békés
Magyaregregy,1
Magyaregres,Somogy
Magyarföld,Zala
Magyargéc,Nógrád
Magyargencs,Veszprém
Magyarhertelend,1
Magyarhomorog,Hajdú-Bihar
Magyarkeresztúr,Győr-Moson-Sopron
Magyarkeszi,Tolna
Magyarlak,Vas
Magyarlukafa,1
Magyarmecske,1
Magyarnádalja,Vas
Magyarnándor,Nógrád
Magyarpolány,Veszprém
Magyarsarlós,1
Magyarszecsőd,Vas
Magyarszék,1
Magyarszentmiklós,Zala
Magyarszerdahely,Zala
Magyarszombatfa,Vas
Magyartelek,1
Majosháza,Pest
Majs,1
Makád,Pest
Makkoshotyka,Borsod-Abaúj-Zemplén
Maklár,Heves
Makó,Csongrád-Csanád
Malomsok,Veszprém
Mályi,Borsod-Abaúj-Zemplén
Mályinka,Borsod-Abaúj-Zemplén
Mánd,Szabolcs-Szatmár-Bereg
Mándok,Szabolcs-Szatmár-Bereg
Mánfa,1
Mány,Fejér
Maráza,1
Marcalgergelyi,Veszprém
Marcali,Somogy
Marcaltő,Veszprém
Márfa,1
Máriahalom,Komárom-Esztergom
Máriakálnok,Győr-Moson-Sopron
Máriakéménd,1
Márianosztra,Pest
Máriapócs,Szabolcs-Szatmár-Bereg
Markaz,Heves
Márkháza,Nógrád
Márkó,Veszprém
Markóc,1
Markotabödöge,Győr-Moson-Sopron
Maróc,Zala
Marócsa,1
Márok,1
Márokföld,Zala
Márokpapi,Szabolcs-Szatmár-Bereg
Maroslele,Csongrád-Csanád
Mártély,Csongrád-Csanád
Martfű,Jász-Nagykun-Szolnok
Martonfa,1
Martonvásár,Fejér
Martonyi,Borsod-Abaúj-Zemplén
Mátészalka,Szabolcs-Szatmár-Bereg
Mátételke,Bács-Kiskun
Mátraballa,Heves
Mátraderecske,Heves
Mátramindszent,Nógrád
Mátranovák,Nógrád
Mátraszele,Nógrád
Mátraszentimre,Heves
Mátraszőlős,Nógrád
Mátraterenye,Nógrád
Mátraverebély,Nógrád
Mátyásdomb,Fejér
Matty,1
Mátyus,Szabolcs-Szatmár-Bereg
Máza,1
Mecseknádasd,1
Mecsekpölöske,1
Mecsér,Győr-Moson-Sopron
Medgyesbodzás,Békés
Medgyesegyháza,Békés
Medina,Tolna
Megyaszó,Borsod-Abaúj-Zemplén
Megyehíd,Vas
Megyer,Veszprém
Meggyeskovácsi,Vas
Méhkerék,Békés
Méhtelek,Szabolcs-Szatmár-Bereg
Mekényes,1
Mélykút,Bács-Kiskun
Mencshely,Veszprém
Mende,Pest
Méra,Borsod-Abaúj-Zemplén
Merenye,1
Mérges,Győr-Moson-Sopron
Mérk,Szabolcs-Szatmár-Bereg
Mernye,Somogy
Mersevát,Vas
Mesterháza,Vas
Mesteri,Vas
Mesterszállás,Jász-Nagykun-Szolnok
Meszes,Borsod-Abaúj-Zemplén
Meszlen,Vas
Mesztegnyő,Somogy
Mezőberény,Békés
Mezőcsát,Borsod-Abaúj-Zemplén
Mezőcsokonya,Somogy
Meződ,1
Mezőfalva,Fejér
Mezőgyán,Békés
Mezőhegyes,Békés
Mezőhék,Jász-Nagykun-Szolnok
Mezőkeresztes,Borsod-Abaúj-Zemplén
Mezőkomárom,Fejér
Mezőkovácsháza,Békés
Mezőkövesd,Borsod-Abaúj-Zemplén
Mezőladány,Szabolcs-Szatmár-Bereg
Mezőlak,Veszprém
Mezőnagymihály,Borsod-Abaúj-Zemplén
Mezőnyárád,Borsod-Abaúj-Zemplén
Mezőörs,Győr-Moson-Sopron
Mezőpeterd,Hajdú-Bihar
Mezősas,Hajdú-Bihar
Mezőszemere,Heves
Mezőszentgyörgy,Fejér
Mezőszilas,Fejér
Mezőtárkány,Heves
Mezőtúr,Jász-Nagykun-Szolnok
Mezőzombor,Borsod-Abaúj-Zemplén
Miháld,Zala
Mihályfa,Zala
Mihálygerge,Nógrád
Mihályháza,Veszprém
Mihályi,Győr-Moson-Sopron
Mike,Somogy
Mikebuda,Pest
Mikekarácsonyfa,Zala
Mikepércs,Hajdú-Bihar
Miklósi,Somogy
Mikófalva,Heves
Mikóháza,Borsod-Abaúj-Zemplén
Mikosszéplak,Vas
Milejszeg,Zala
Milota,Szabolcs-Szatmár-Bereg
Mindszent,Csongrád-Csanád
Mindszentgodisa,1
Mindszentkálla,Veszprém
Misefa,Zala
Miske,Bács-Kiskun
Miskolc,Borsod-Abaúj-Zemplén
Miszla,Tolna
Mocsa,Komárom-Esztergom
Mogyoród,Pest
Mogyorósbánya,Komárom-Esztergom
Mogyoróska,Borsod-Abaúj-Zemplén
Moha,Fejér
Mohács,1
Mohora,Nógrád
Molnári,Zala
Molnaszecsőd,Vas
Molvány,1
Monaj,Borsod-Abaúj-Zemplén
Monok,Borsod-Abaúj-Zemplén
Monor,Pest
Monorierdő,Pest
Mónosbél,Heves
Monostorapáti,Veszprém
Monostorpályi,Hajdú-Bihar
Monoszló,Veszprém
Monyoród,1
Mór,Fejér
Mórágy,Tolna
Mórahalom,Csongrád-Csanád
Móricgát,Bács-Kiskun
Mórichida,Győr-Moson-Sopron
Mosdós,Somogy
Mosonmagyaróvár,Győr-Moson-Sopron
Mosonszentmiklós,Győr-Moson-Sopron
Mosonszolnok,Győr-Moson-Sopron
Mosonudvar,Győr-Moson-Sopron
Mozsgó,1
Mőcsény,Tolna
Mucsfa,Tolna
Mucsi,Tolna
Múcsony,Borsod-Abaúj-Zemplén
Muhi,Borsod-Abaúj-Zemplén
Murakeresztúr,Zala
Murarátka,Zala
Muraszemenye,Zala
Murga,Tolna
Murony,Békés
Nábrád,Szabolcs-Szatmár-Bereg
Nadap,Fejér
Nádasd,Vas
Nádasdladány,Fejér
Nádudvar,Hajdú-Bihar
Nágocs,Somogy
Nagyacsád,Veszprém
Nagyalásony,Veszprém
Nagyar,Szabolcs-Szatmár-Bereg
Nagyatád,Somogy
Nagybajcs,Győr-Moson-Sopron
Nagybajom,Somogy
Nagybakónak,Zala
Nagybánhegyes,Békés
Nagybaracska,Bács-Kiskun
Nagybarca,Borsod-Abaúj-Zemplén
Nagybárkány,Nógrád
Nagyberény,Somogy
Nagyberki,Somogy
Nagybörzsöny,Pest
Nagybudmér,1
Nagycenk,Győr-Moson-Sopron
Nagycsány,1
Nagycsécs,Borsod-Abaúj-Zemplén
Nagycsepely,Somogy
Nagycserkesz,Szabolcs-Szatmár-Bereg
Nagydém,Veszprém
Nagydobos,Szabolcs-Szatmár-Bereg
Nagydobsza,1
Nagydorog,Tolna
Nagyecsed,Szabolcs-Szatmár-Bereg
Nagyér,Csongrád-Csanád
Nagyesztergár,Veszprém
Nagyfüged,Heves
Nagygeresd,Vas
Nagygörbő,Zala
Nagygyimót,Veszprém
Nagyhajmás,1
Nagyhalász,Szabolcs-Szatmár-Bereg
Nagyharsány,1
Nagyhegyes,Hajdú-Bihar
Nagyhódos,Szabolcs-Szatmár-Bereg
Nagyhuta,Borsod-Abaúj-Zemplén
Nagyigmánd,Komárom-Esztergom
Nagyiván,Jász-Nagykun-Szolnok
Nagykálló,Szabolcs-Szatmár-Bereg
Nagykamarás,Békés
Nagykanizsa,Zala
Nagykapornak,Zala
Nagykarácsony,Fejér
Nagykáta,Pest
Nagykereki,Hajdú-Bihar
Nagykeresztúr,Nógrád
Nagykinizs,Borsod-Abaúj-Zemplén
Nagykónyi,Tolna
Nagykorpád,Somogy
Nagykovácsi,Pest
Nagykozár,1
Nagykökényes,Heves
Nagykölked,Vas
Nagykőrös,Pest
Nagykörű,Jász-Nagykun-Szolnok
Nagykutas,Zala
Nagylak,Csongrád-Csanád
Nagylengyel,Zala
Nagylóc,Nógrád
Nagylók,Fejér
Nagylózs,Győr-Moson-Sopron
Nagymágocs,Csongrád-Csanád
Nagymányok,Tolna
Nagymaros,Pest
Nagymizdó,Vas
Nagynyárád,1
Nagyoroszi,Nógrád
Nagypáli,Zala
Nagypall,1
Nagypeterd,1
Nagypirit,Veszprém
Nagyrábé,Hajdú-Bihar
Nagyrada,Zala
Nagyrákos,Vas
Nagyrécse,Zala
Nagyréde,Heves
Nagyrév,Jász-Nagykun-Szolnok
Nagyrozvágy,Borsod-Abaúj-Zemplén
Nagysáp,Komárom-Esztergom
Nagysimonyi,Vas
Nagyszakácsi,Somogy
Nagyszékely,Tolna
Nagyszekeres,Szabolcs-Szatmár-Bereg
Nagyszénás,Békés
Nagyszentjános,Győr-Moson-Sopron
Nagyszokoly,Tolna
Nagytálya,Heves
Nagytarcsa,Pest
Nagytevel,Veszprém
Nagytilaj,Vas
Nagytótfalu,1
Nagytőke,Csongrád-Csanád
Nagyút,Heves
Nagyvarsány,Szabolcs-Szatmár-Bereg
Nagyváty,1
Nagyvázsony,Veszprém
Nagyvejke,Tolna
Nagyveleg,Fejér
Nagyvenyim,Fejér
Nagyvisnyó,Heves
Nak,Tolna
Napkor,Szabolcs-Szatmár-Bereg
Nárai,Vas
Narda,Vas
Naszály,Komárom-Esztergom
Négyes,Borsod-Abaúj-Zemplén
Nekézseny,Borsod-Abaúj-Zemplén
Nemesapáti,Zala
Nemesbikk,Borsod-Abaúj-Zemplén
Nemesborzova,Szabolcs-Szatmár-Bereg
Nemesbőd,Vas
Nemesbük,Zala
Nemescsó,Vas
Nemesdéd,Somogy
Nemesgörzsöny,Veszprém
Nemesgulács,Veszprém
Nemeshany,Veszprém
Nemeshetés,Zala
Nemeske,1
Nemeskér,Győr-Moson-Sopron
Nemeskeresztúr,Vas
Nemeskisfalud,Somogy
Nemeskocs,Vas
Nemeskolta,Vas
Nemesládony,Vas
Nemesmedves,Vas
Nemesnádudvar,Bács-Kiskun
Nemesnép,Zala
Nemespátró,Zala
Nemesrádó,Zala
Nemesrempehollós,Vas
Nemessándorháza,Zala
Nemesvámos,Veszprém
Nemesvid,Somogy
Nemesvita,Veszprém
Nemesszalók,Veszprém
Nemesszentandrás,Zala
Németbánya,Veszprém
Németfalu,Zala
Németkér,Tolna
Nemti,Nógrád
Neszmély,Komárom-Esztergom
Nézsa,Nógrád
Nick,Vas
Nikla,Somogy
Nógrád,Nógrád
Nógrádkövesd,Nógrád
Nógrádmarcal,Nógrád
Nógrádmegyer,Nógrád
Nógrádsáp,Nógrád
Nógrádsipek,Nógrád
Nógrádszakál,Nógrád
Nóráp,Veszprém
Noszlop,Veszprém
Noszvaj,Heves
Nova,Zala
Novaj,Heves
Novajidrány,Borsod-Abaúj-Zemplén
Nőtincs,Nógrád
Nyalka,Győr-Moson-Sopron
Nyárád,Veszprém
Nyáregyháza,Pest
Nyárlőrinc,Bács-Kiskun
Nyársapát,Pest
Nyékládháza,Borsod-Abaúj-Zemplén
Nyergesújfalu,Komárom-Esztergom
Nyésta,Borsod-Abaúj-Zemplén
Nyim,Somogy
Nyírábrány,Hajdú-Bihar
Nyíracsád,Hajdú-Bihar
Nyirád,Veszprém
Nyíradony,Hajdú-Bihar
Nyírbátor,Szabolcs-Szatmár-Bereg
Nyírbéltek,Szabolcs-Szatmár-Bereg
Nyírbogát,Szabolcs-Szatmár-Bereg
Nyírbogdány,Szabolcs-Szatmár-Bereg
Nyírcsaholy,Szabolcs-Szatmár-Bereg
Nyírcsászári,Szabolcs-Szatmár-Bereg
Nyírderzs,Szabolcs-Szatmár-Bereg
Nyíregyháza,Szabolcs-Szatmár-Bereg
Nyírgelse,Szabolcs-Szatmár-Bereg
Nyírgyulaj,Szabolcs-Szatmár-Bereg
Nyíri,Borsod-Abaúj-Zemplén
Nyíribrony,Szabolcs-Szatmár-Bereg
Nyírjákó,Szabolcs-Szatmár-Bereg
Nyírkarász,Szabolcs-Szatmár-Bereg
Nyírkáta,Szabolcs-Szatmár-Bereg
Nyírkércs,Szabolcs-Szatmár-Bereg
Nyírlövő,Szabolcs-Szatmár-Bereg
Nyírlugos,Szabolcs-Szatmár-Bereg
Nyírmada,Szabolcs-Szatmár-Bereg
Nyírmártonfalva,Hajdú-Bihar
Nyírmeggyes,Szabolcs-Szatmár-Bereg
Nyírmihálydi,Szabolcs-Szatmár-Bereg
Nyírparasznya,Szabolcs-Szatmár-Bereg
Nyírpazony,Szabolcs-Szatmár-Bereg
Nyírpilis,Szabolcs-Szatmár-Bereg
Nyírtass,Szabolcs-Szatmár-Bereg
Nyírtelek,Szabolcs-Szatmár-Bereg
Nyírtét,Szabolcs-Szatmár-Bereg
Nyírtura,Szabolcs-Szatmár-Bereg
Nyírvasvári,Szabolcs-Szatmár-Bereg
Nyomár,Borsod-Abaúj-Zemplén
Nyőgér,Vas
Nyugotszenterzsébet,1
Nyúl,Győr-Moson-Sopron
Óbánya,1
Óbarok,Fejér
Óbudavár,Veszprém
Ócsa,Pest
Ócsárd,1
Ófalu,1
Ófehértó,Szabolcs-Szatmár-Bereg
Óföldeák,Csongrád-Csanád
Óhíd,Zala
Okány,Békés
Okorág,1
Okorvölgy,1
Olasz,1
Olaszfa,Vas
Olaszfalu,Veszprém
Olaszliszka,Borsod-Abaúj-Zemplén
Olcsva,Szabolcs-Szatmár-Bereg
Olcsvaapáti,Szabolcs-Szatmár-Bereg
Old,1
Ólmod,Vas
Oltárc,Zala
Onga,Borsod-Abaúj-Zemplén
Ónod,Borsod-Abaúj-Zemplén
Ópályi,Szabolcs-Szatmár-Bereg
Ópusztaszer,Csongrád-Csanád
Orbányosfa,Zala
Orci,Somogy
Ordacsehi,Somogy
Ordas,Bács-Kiskun
Orfalu,Vas
Orfű,1
Orgovány,Bács-Kiskun
Ormándlak,Zala
Ormosbánya,Borsod-Abaúj-Zemplén
Orosháza,Békés
Oroszi,Veszprém
Oroszlány,Komárom-Esztergom
Oroszló,1
Orosztony,Zala
Ortaháza,Zala
Osli,Győr-Moson-Sopron
Ostffyasszonyfa,Vas
Ostoros,Heves
Oszkó,Vas
Oszlár,Borsod-Abaúj-Zemplén
Osztopán,Somogy
Ózd,Borsod-Abaúj-Zemplén
Ózdfalu,1
Ozmánbük,Zala
Ozora,Tolna
Öcs,Veszprém
Őcsény,Tolna
Öcsöd,Jász-Nagykun-Szolnok
Ököritófülpös,Szabolcs-Szatmár-Bereg
Ölbő,Vas
Ömböly,Szabolcs-Szatmár-Bereg
Őr,Szabolcs-Szatmár-Bereg
Őrbottyán,Pest
Öregcsertő,Bács-Kiskun
Öreglak,Somogy
Őrhalom,Nógrád
Őrimagyarósd,Vas
Őriszentpéter,Vas
Örkény,Pest
Örményes,Jász-Nagykun-Szolnok
Örménykút,Békés
Őrtilos,Somogy
Örvényes,Veszprém
Ősagárd,Nógrád
Ősi,Veszprém
Öskü,Veszprém
Öttevény,Győr-Moson-Sopron
Öttömös,Csongrád-Csanád
Ötvöskónyi,Somogy
Pácin,Borsod-Abaúj-Zemplén
Pacsa,Zala
Pácsony,Vas
Padár,Zala
Páhi,Bács-Kiskun
Páka,Zala
Pakod,Zala
Pákozd,Fejér
Paks,Tolna
Palé,1
Pálfa,Tolna
Pálfiszeg,Zala
Pálháza,Borsod-Abaúj-Zemplén
Páli,Győr-Moson-Sopron
Palkonya,1
Pálmajor,Somogy
Pálmonostora,Bács-Kiskun
Pálosvörösmart,Heves
Palotabozsok,1
Palotás,Nógrád
Paloznak,Veszprém
Pamlény,Borsod-Abaúj-Zemplén
Pamuk,Somogy
Pánd,Pest
Pankasz,Vas
Pannonhalma,Győr-Moson-Sopron
Pányok,Borsod-Abaúj-Zemplén
Panyola,Szabolcs-Szatmár-Bereg
Pap,Szabolcs-Szatmár-Bereg
Pápa,Veszprém
Pápadereske,Veszprém
Pápakovácsi,Veszprém
Pápasalamon,Veszprém
Pápateszér,Veszprém
Papkeszi,Veszprém
Pápoc,Vas
Papos,Szabolcs-Szatmár-Bereg
Páprád,1
Parád,Heves
Parádsasvár,Heves
Parasznya,Borsod-Abaúj-Zemplén
Pári,Tolna
Paszab,Szabolcs-Szatmár-Bereg
Pásztó,Nógrád
Pásztori,Győr-Moson-Sopron
Pat,Zala
Patak,Nógrád
Patalom,Somogy
Patapoklosi,1
Patca,Somogy
Pátka,Fejér
Patosfa,Somogy
Pátroha,Szabolcs-Szatmár-Bereg
Patvarc,Nógrád
Páty,Pest
Pátyod,Szabolcs-Szatmár-Bereg
Pázmánd,Fejér
Pázmándfalu,Győr-Moson-Sopron
Pécel,Pest
Pecöl,Vas
Pécs,1
Pécsbagota,1
Pécsdevecser,1
Pécsely,Veszprém
Pécsudvard,1
Pécsvárad,1
Pellérd,1
Pély,Heves
Penc,Pest
Penészlek,Szabolcs-Szatmár-Bereg
Pénzesgyőr,Veszprém
Penyige,Szabolcs-Szatmár-Bereg
Pér,Győr-Moson-Sopron
Perbál,Pest
Pere,Borsod-Abaúj-Zemplén
Perecse,Borsod-Abaúj-Zemplén
Pereked,1
Perenye,Vas
Peresznye,Vas
Pereszteg,Győr-Moson-Sopron
Perkáta,Fejér
Perkupa,Borsod-Abaúj-Zemplén
Perőcsény,Pest
Peterd,1
Péterhida,Somogy
Péteri,Pest
Pétervására,Heves
Pétfürdő,Veszprém
Pethőhenye,Zala
Petneháza,Szabolcs-Szatmár-Bereg
Petőfibánya,Heves
Petőfiszállás,Bács-Kiskun
Petőháza,Győr-Moson-Sopron
Petőmihályfa,Vas
Petrikeresztúr,Zala
Petrivente,Zala
Pettend,1
Piliny,Nógrád
Pilis,Pest
Pilisborosjenő,Pest
Piliscsaba,Pest
Piliscsév,Komárom-Esztergom
Pilisjászfalu,Pest
Pilismarót,Komárom-Esztergom
Pilisvörösvár,Pest
Pilisszántó,Pest
Pilisszentiván,Pest
Pilisszentkereszt,Pest
Pilisszentlászló,Pest
Pincehely,Tolna
Pinkamindszent,Vas
Pinnye,Győr-Moson-Sopron
Piricse,Szabolcs-Szatmár-Bereg
Pirtó,Bács-Kiskun
Piskó,1
Pitvaros,Csongrád-Csanád
Pócsa,1
Pocsaj,Hajdú-Bihar
Pócsmegyer,Pest
Pócspetri,Szabolcs-Szatmár-Bereg
Pogány,1
Pogányszentpéter,Somogy
Pókaszepetk,Zala
Polány,Somogy
Polgár,Hajdú-Bihar
Polgárdi,Fejér
Pomáz,Pest
Porcsalma,Szabolcs-Szatmár-Bereg
Pornóapáti,Vas
Poroszló,Heves
Porpác,Vas
Porrog,Somogy
Porrogszentkirály,Somogy
Porrogszentpál,Somogy
Pórszombat,Zala
Porva,Veszprém
Pósfa,Vas
Potony,Somogy
Potyond,Győr-Moson-Sopron
Pölöske,Zala
Pölöskefő,Zala
Pörböly,Tolna
Pördefölde,Zala
Pötréte,Zala
Prügy,Borsod-Abaúj-Zemplén
Pula,Veszprém
Pusztaapáti,Zala
Pusztaberki,Nógrád
Pusztacsalád,Győr-Moson-Sopron
Pusztacsó,Vas
Pusztadobos,Szabolcs-Szatmár-Bereg
Pusztaederics,Zala
Pusztafalu,Borsod-Abaúj-Zemplén
Pusztaföldvár,Békés
Pusztahencse,Tolna
Pusztakovácsi,Somogy
Pusztamagyaród,Zala
Pusztamérges,Csongrád-Csanád
Pusztamiske,Veszprém
Pusztamonostor,Jász-Nagykun-Szolnok
Pusztaottlaka,Békés
Pusztaradvány,Borsod-Abaúj-Zemplén
Pusztaszabolcs,Fejér
Pusztaszemes,Somogy
Pusztaszentlászló,Zala
Pusztaszer,Csongrád-Csanád
Pusztavacs,Pest
Pusztavám,Fejér
Pusztazámor,Pest
Putnok,Borsod-Abaúj-Zemplén
Püski,Győr-Moson-Sopron
Püspökhatvan,Pest
Püspökladány,Hajdú-Bihar
Püspökmolnári,Vas
Püspökszilágy,Pest
Rábacsanak,Győr-Moson-Sopron
Rábacsécsény,Győr-Moson-Sopron
Rábagyarmat,Vas
Rábahídvég,Vas
Rábakecöl,Győr-Moson-Sopron
Rábapatona,Győr-Moson-Sopron
Rábapaty,Vas
Rábapordány,Győr-Moson-Sopron
Rábasebes,Győr-Moson-Sopron
Rábaszentandrás,Győr-Moson-Sopron
Rábaszentmihály,Győr-Moson-Sopron
Rábaszentmiklós,Győr-Moson-Sopron
Rábatamási,Győr-Moson-Sopron
Rábatöttös,Vas
Rábcakapi,Győr-Moson-Sopron
Rácalmás,Fejér
Ráckeresztúr,Fejér
Ráckeve,Pest
Rád,Pest
Rádfalva,1
Rádóckölked,Vas
Radostyán,Borsod-Abaúj-Zemplén
Ragály,Borsod-Abaúj-Zemplén
Rajka,Győr-Moson-Sopron
Rakaca,Borsod-Abaúj-Zemplén
Rakacaszend,Borsod-Abaúj-Zemplén
Rakamaz,Szabolcs-Szatmár-Bereg
Rákóczibánya,Nógrád
Rákóczifalva,Jász-Nagykun-Szolnok
Rákócziújfalu,Jász-Nagykun-Szolnok
Ráksi,Somogy
Ramocsa,Zala
Ramocsaháza,Szabolcs-Szatmár-Bereg
Rápolt,Szabolcs-Szatmár-Bereg
Raposka,Veszprém
Rásonysápberencs,Borsod-Abaúj-Zemplén
Rátka,Borsod-Abaúj-Zemplén
Rátót,Vas
Ravazd,Győr-Moson-Sopron
Recsk,Heves
Réde,Komárom-Esztergom
Rédics,Zala
Regéc,Borsod-Abaúj-Zemplén
Regenye,1
Regöly,Tolna
Rém,Bács-Kiskun
Remeteszőlős,Pest
Répáshuta,Borsod-Abaúj-Zemplén
Répcelak,Vas
Répceszemere,Győr-Moson-Sopron
Répceszentgyörgy,Vas
Répcevis,Győr-Moson-Sopron
Resznek,Zala
Rétalap,Győr-Moson-Sopron
Rétközberencs,Szabolcs-Szatmár-Bereg
Rétság,Nógrád
Révfülöp,Veszprém
Révleányvár,Borsod-Abaúj-Zemplén
Rezi,Zala
Ricse,Borsod-Abaúj-Zemplén
Rigács,Veszprém
Rigyác,Zala
Rimóc,Nógrád
Rinyabesenyő,Somogy
Rinyakovácsi,Somogy
Rinyaszentkirály,Somogy
Rinyaújlak,Somogy
Rinyaújnép,Somogy
Rohod,Szabolcs-Szatmár-Bereg
Románd,Győr-Moson-Sopron
Romhány,Nógrád
Romonya,1
Rózsafa,1
Rozsály,Szabolcs-Szatmár-Bereg
Rózsaszentmárton,Heves
Röjtökmuzsaj,Győr-Moson-Sopron
Rönök,Vas
Röszke,Csongrád-Csanád
Rudabánya,Borsod-Abaúj-Zemplén
Rudolftelep,Borsod-Abaúj-Zemplén
Rum,Vas
Ruzsa,Csongrád-Csanád
Ságújfalu,Nógrád
Ságvár,Somogy
Sajóbábony,Borsod-Abaúj-Zemplén
Sajóecseg,Borsod-Abaúj-Zemplén
Sajógalgóc,Borsod-Abaúj-Zemplén
Sajóhídvég,Borsod-Abaúj-Zemplén
Sajóivánka,Borsod-Abaúj-Zemplén
Sajókápolna,Borsod-Abaúj-Zemplén
Sajókaza,Borsod-Abaúj-Zemplén
Sajókeresztúr,Borsod-Abaúj-Zemplén
Sajólád,Borsod-Abaúj-Zemplén
Sajólászlófalva,Borsod-Abaúj-Zemplén
Sajómercse,Borsod-Abaúj-Zemplén
Sajónémeti,Borsod-Abaúj-Zemplén
Sajóörös,Borsod-Abaúj-Zemplén
Sajópálfala,Borsod-Abaúj-Zemplén
Sajópetri,Borsod-Abaúj-Zemplén
Sajópüspöki,Borsod-Abaúj-Zemplén
Sajósenye,Borsod-Abaúj-Zemplén
Sajószentpéter,Borsod-Abaúj-Zemplén
Sajószöged,Borsod-Abaúj-Zemplén
Sajóvámos,Borsod-Abaúj-Zemplén
Sajóvelezd,Borsod-Abaúj-Zemplén
Sajtoskál,Vas
Salföld,Veszprém
Salgótarján,Nógrád
Salköveskút,Vas
Salomvár,Zala
Sály,Borsod-Abaúj-Zemplén
Sámod,1
Sámsonháza,Nógrád
Sand,Zala
Sándorfalva,Csongrád-Csanád
Sántos,Somogy
Sáp,Hajdú-Bihar
Sáránd,Hajdú-Bihar
Sárazsadány,Borsod-Abaúj-Zemplén
Sárbogárd,Fejér
Sáregres,Fejér
Sárfimizdó,Vas
Sárhida,Zala
Sárisáp,Komárom-Esztergom
Sarkad,Békés
Sarkadkeresztúr,Békés
Sárkeresztes,Fejér
Sárkeresztúr,Fejér
Sárkeszi,Fejér
Sármellék,Zala
Sárok,1
Sárosd,Fejér
Sárospatak,Borsod-Abaúj-Zemplén
Sárpilis,Tolna
Sárrétudvari,Hajdú-Bihar
Sarród,Győr-Moson-Sopron
Sárszentágota,Fejér
Sárszentlőrinc,Tolna
Sárszentmihály,Fejér
Sarud,Heves
Sárvár,Vas
Sásd,1
Sáska,Veszprém
Sáta,Borsod-Abaúj-Zemplén
Sátoraljaújhely,Borsod-Abaúj-Zemplén
Sátorhely,1
Sávoly,Somogy
Sé,Vas
Segesd,Somogy
Selyeb,Borsod-Abaúj-Zemplén
Sellye,1
Semjén,Borsod-Abaúj-Zemplén
Semjénháza,Zala
Sénye,Zala
Sényő,Szabolcs-Szatmár-Bereg
Seregélyes,Fejér
Serényfalva,Borsod-Abaúj-Zemplén
Sérsekszőlős,Somogy
Sikátor,Győr-Moson-Sopron
Siklós,1
Siklósbodony,1
Siklósnagyfalu,1
Sima,Borsod-Abaúj-Zemplén
Simaság,Vas
Simonfa,Somogy
Simontornya,Tolna
Sióagárd,Tolna
Siófok,Somogy
Siójut,Somogy
Sirok,Heves
Sitke,Vas
Sobor,Győr-Moson-Sopron
Sokorópátka,Győr-Moson-Sopron
Solt,Bács-Kiskun
Soltszentimre,Bács-Kiskun
Soltvadkert,Bács-Kiskun
Sóly,Veszprém
Solymár,Pest
Som,Somogy
Somberek,1
Somlójenő,Veszprém
Somlószőlős,Veszprém
Somlóvásárhely,Veszprém
Somlóvecse,Veszprém
Somodor,Somogy
Somogyacsa,Somogy
Somogyapáti,1
Somogyaracs,Somogy
Somogyaszaló,Somogy
Somogybabod,Somogy
Somogybükkösd,Somogy
Somogycsicsó,Somogy
Somogydöröcske,Somogy
Somogyegres,Somogy
Somogyfajsz,Somogy
Somogygeszti,Somogy
Somogyhárságy,1
Somogyhatvan,1
Somogyjád,Somogy
Somogymeggyes,Somogy
Somogysámson,Somogy
Somogysárd,Somogy
Somogysimonyi,Somogy
Somogyszentpál,Somogy
Somogyszil,Somogy
Somogyszob,Somogy
Somogytúr,Somogy
Somogyudvarhely,Somogy
Somogyvámos,Somogy
Somogyvár,Somogy
Somogyviszló,1
Somogyzsitfa,Somogy
Somoskőújfalu,Nógrád
Sonkád,Szabolcs-Szatmár-Bereg
Soponya,Fejér
Sopron,Győr-Moson-Sopron
Sopronhorpács,Győr-Moson-Sopron
Sopronkövesd,Győr-Moson-Sopron
Sopronnémeti,Győr-Moson-Sopron
Sorkifalud,Vas
Sorkikápolna,Vas
Sormás,Zala
Sorokpolány,Vas
Sóshartyán,Nógrád
Sóskút,Pest
Sóstófalva,Borsod-Abaúj-Zemplén
Sósvertike,1
Sótony,Vas
Söjtör,Zala
Söpte,Vas
Söréd,Fejér
Sukoró,Fejér
Sumony,1
Súr,Komárom-Esztergom
Surd,Zala
Sükösd,Bács-Kiskun
Sülysáp,Pest
Sümeg,Veszprém
Sümegcsehi,Zala
Sümegprága,Veszprém
Süttő,Komárom-Esztergom
Szabadbattyán,Fejér
Szabadegyháza,Fejér
Szabadhídvég,Fejér
Szabadi,Somogy
Szabadkígyós,Békés
Szabadszállás,Bács-Kiskun
Szabadszentkirály,1
Szabás,Somogy
Szabolcs,Szabolcs-Szatmár-Bereg
Szabolcsbáka,Szabolcs-Szatmár-Bereg
Szabolcsveresmart,Szabolcs-Szatmár-Bereg
Szada,Pest
Szágy,1
Szajk,1
Szajla,Heves
Szajol,Jász-Nagykun-Szolnok
Szakácsi,Borsod-Abaúj-Zemplén
Szakadát,Tolna
Szakáld,Borsod-Abaúj-Zemplén
Szakály,Tolna
Szakcs,Tolna
Szakmár,Bács-Kiskun
Szaknyér,Vas
Szakoly,Szabolcs-Szatmár-Bereg
Szakony,Győr-Moson-Sopron
Szakonyfalu,Vas
Szákszend,Komárom-Esztergom
Szalafő,Vas
Szalánta,1
Szalapa,Zala
Szalaszend,Borsod-Abaúj-Zemplén
Szalatnak,1
Szálka,Tolna
Szalkszentmárton,Bács-Kiskun
Szalmatercs,Nógrád
Szalonna,Borsod-Abaúj-Zemplén
Szamosangyalos,Szabolcs-Szatmár-Bereg
Szamosbecs,Szabolcs-Szatmár-Bereg
Szamoskér,Szabolcs-Szatmár-Bereg
Szamossályi,Szabolcs-Szatmár-Bereg
Szamostatárfalva,Szabolcs-Szatmár-Bereg
Szamosújlak,Szabolcs-Szatmár-Bereg
Szamosszeg,Szabolcs-Szatmár-Bereg
Szanda,Nógrád
Szank,Bács-Kiskun
Szántód,Somogy
Szany,Győr-Moson-Sopron
Szápár,Veszprém
Szaporca,1
Szár,Fejér
Szárász,1
Szárazd,Tolna
Szárföld,Győr-Moson-Sopron
Szárliget,Komárom-Esztergom
Szarvas,Békés
Szarvasgede,Nógrád
Szarvaskend,Vas
Szarvaskő,Heves
Szászberek,Jász-Nagykun-Szolnok
Szászfa,Borsod-Abaúj-Zemplén
Szászvár,1
Szatmárcseke,Szabolcs-Szatmár-Bereg
Szátok,Nógrád
Szatta,Vas
Szatymaz,Csongrád-Csanád
Szava,1
Százhalombatta,Pest
Szebény,1
Szécsénke,Nógrád
Szécsény,Nógrád
Szécsényfelfalu,Nógrád
Szécsisziget,Zala
Szederkény,1
Szedres,Tolna
Szeged,Csongrád-Csanád
Szegerdő,Somogy
Szeghalom,Békés
Szegi,Borsod-Abaúj-Zemplén
Szegilong,Borsod-Abaúj-Zemplén
Szegvár,Csongrád-Csanád
Székely,Szabolcs-Szatmár-Bereg
Székelyszabar,1
Székesfehérvár,Fejér
Székkutas,Csongrád-Csanád
Szekszárd,Tolna
Szeleste,Vas
Szelevény,Jász-Nagykun-Szolnok
Szellő,1
Szemely,1
Szemenye,Vas
Szemere,Borsod-Abaúj-Zemplén
Szendehely,Nógrád
Szendrő,Borsod-Abaúj-Zemplén
Szendrőlád,Borsod-Abaúj-Zemplén
Szenna,Somogy
Szenta,Somogy
Szentantalfa,Veszprém
Szentbalázs,Somogy
Szentbékkálla,Veszprém
Szentborbás,Somogy
Szentdénes,1
Szentdomonkos,Heves
Szente,Nógrád
Szentegát,1
Szentendre,Pest
Szentes,Csongrád-Csanád
Szentgál,Veszprém
Szentgáloskér,Somogy
Szentgotthárd,Vas
Szentgyörgyvár,Zala
Szentgyörgyvölgy,Zala
Szentimrefalva,Veszprém
Szentistván,Borsod-Abaúj-Zemplén
Szentistvánbaksa,Borsod-Abaúj-Zemplén
Szentjakabfa,Veszprém
Szentkatalin,1
Szentkirály,Bács-Kiskun
Szentkirályszabadja,Veszprém
Szentkozmadombja,Zala
Szentlászló,1
Szentliszló,Zala
Szentlőrinc,1
Szentlőrinckáta,Pest
Szentmargitfalva,Zala
Szentmártonkáta,Pest
Szentpéterfa,Vas
Szentpéterfölde,Zala
Szentpéterszeg,Hajdú-Bihar
Szentpéterúr,Zala
Szenyér,Somogy
Szepetnek,Zala
Szerecseny,Győr-Moson-Sopron
Szeremle,Bács-Kiskun
Szerencs,Borsod-Abaúj-Zemplén
Szerep,Hajdú-Bihar
Szergény,Vas
Szigetbecse,Pest
Szigetcsép,Pest
Szigethalom,Pest
Szigetmonostor,Pest
Szigetszentmárton,Pest
Szigetszentmiklós,Pest
Szigetújfalu,Pest
Szigetvár,1
Szigliget,Veszprém
Szihalom,Heves
Szijártóháza,Zala
Szikszó,Borsod-Abaúj-Zemplén
Szil,Győr-Moson-Sopron
Szilágy,1
Szilaspogony,Nógrád
Szilsárkány,Győr-Moson-Sopron
Szilvágy,Zala
Szilvás,1
Szilvásvárad,Heves
Szilvásszentmárton,Somogy
Szin,Borsod-Abaúj-Zemplén
Szinpetri,Borsod-Abaúj-Zemplén
Szirák,Nógrád
Szirmabesenyő,Borsod-Abaúj-Zemplén
Szob,Pest
Szokolya,Pest
Szólád,Somogy
Szolnok,Jász-Nagykun-Szolnok
Szombathely,Vas
Szomód,Komárom-Esztergom
Szomolya,Borsod-Abaúj-Zemplén
Szomor,Komárom-Esztergom
Szorgalmatos,Szabolcs-Szatmár-Bereg
Szorosad,Somogy
Szőc,Veszprém
Szőce,Vas
Sződ,Pest
Sződliget,Pest
Szögliget,Borsod-Abaúj-Zemplén
Szőke,1
Szőkéd,1
Szőkedencs,Somogy
Szőlősardó,Borsod-Abaúj-Zemplén
Szőlősgyörök,Somogy
Szörény,1
Szúcs,Heves
Szuha,Nógrád
Szuhafő,Borsod-Abaúj-Zemplén
Szuhakálló,Borsod-Abaúj-Zemplén
Szuhogy,Borsod-Abaúj-Zemplén
Szulimán,1
Szulok,Somogy
Szurdokpüspöki,Nógrád
Szűcsi,Heves
Szügy,Nógrád
Szűr,1
Tab,Somogy
Tabajd,Fejér
Tabdi,Bács-Kiskun
Táborfalva,Pest
Tác,Fejér
Tagyon,Veszprém
Tahitótfalu,Pest
Takácsi,Veszprém
Tákos,Szabolcs-Szatmár-Bereg
Taksony,Pest
Taktabáj,Borsod-Abaúj-Zemplén
Taktaharkány,Borsod-Abaúj-Zemplén
Taktakenéz,Borsod-Abaúj-Zemplén
Taktaszada,Borsod-Abaúj-Zemplén
Taliándörögd,Veszprém
Tállya,Borsod-Abaúj-Zemplén
Tamási,Tolna
Tanakajd,Vas
Táp,Győr-Moson-Sopron
Tápióbicske,Pest
Tápiógyörgye,Pest
Tápióság,Pest
Tápiószecső,Pest
Tápiószele,Pest
Tápiószentmárton,Pest
Tápiószőlős,Pest
Táplánszentkereszt,Vas
Tapolca,Veszprém
Tapsony,Somogy
Tápszentmiklós,Győr-Moson-Sopron
Tar,Nógrád
Tarany,Somogy
Tarcal,Borsod-Abaúj-Zemplén
Tard,Borsod-Abaúj-Zemplén
Tardona,Borsod-Abaúj-Zemplén
Tardos,Komárom-Esztergom
Tarhos,Békés
Tarján,Komárom-Esztergom
Tarjánpuszta,Győr-Moson-Sopron
Tárkány,Komárom-Esztergom
Tarnabod,Heves
Tarnalelesz,Heves
Tarnaméra,Heves
Tarnaörs,Heves
Tarnaszentmária,Heves
Tarnaszentmiklós,Heves
Tarnazsadány,Heves
Tárnok,Pest
Tárnokréti,Győr-Moson-Sopron
Tarpa,Szabolcs-Szatmár-Bereg
Tarrós,1
Táska,Somogy
Tass,Bács-Kiskun
Taszár,Somogy
Tát,Komárom-Esztergom
Tata,Komárom-Esztergom
Tatabánya,Komárom-Esztergom
Tataháza,Bács-Kiskun
Tatárszentgyörgy,Pest
Tázlár,Bács-Kiskun
Téglás,Hajdú-Bihar
Tekenye,Zala
Tékes,1
Teklafalu,1
Telekes,Vas
Telekgerendás,Békés
Teleki,Somogy
Telki,Pest
Telkibánya,Borsod-Abaúj-Zemplén
Tengelic,Tolna
Tengeri,1
Tengőd,Somogy
Tenk,Heves
Tényő,Győr-Moson-Sopron
Tépe,Hajdú-Bihar
Terem,Szabolcs-Szatmár-Bereg
Terény,Nógrád
Tereske,Nógrád
Teresztenye,Borsod-Abaúj-Zemplén
Terpes,Heves
Tés,Veszprém
Tésa,Pest
Tésenfa,1
Téseny,1
Teskánd,Zala
Tét,Győr-Moson-Sopron
Tetétlen,Hajdú-Bihar
Tevel,Tolna
Tibolddaróc,Borsod-Abaúj-Zemplén
Tiborszállás,Szabolcs-Szatmár-Bereg
Tihany,Veszprém
Tikos,Somogy
Tilaj,Zala
Timár,Szabolcs-Szatmár-Bereg
Tinnye,Pest
Tiszaadony,Szabolcs-Szatmár-Bereg
Tiszaalpár,Bács-Kiskun
Tiszabábolna,Borsod-Abaúj-Zemplén
Tiszabecs,Szabolcs-Szatmár-Bereg
Tiszabercel,Szabolcs-Szatmár-Bereg
Tiszabezdéd,Szabolcs-Szatmár-Bereg
Tiszabő,Jász-Nagykun-Szolnok
Tiszabura,Jász-Nagykun-Szolnok
Tiszacsécse,Szabolcs-Szatmár-Bereg
Tiszacsege,Hajdú-Bihar
Tiszacsermely,Borsod-Abaúj-Zemplén
Tiszadada,Szabolcs-Szatmár-Bereg
Tiszaderzs,Jász-Nagykun-Szolnok
Tiszadob,Szabolcs-Szatmár-Bereg
Tiszadorogma,Borsod-Abaúj-Zemplén
Tiszaeszlár,Szabolcs-Szatmár-Bereg
Tiszaföldvár,Jász-Nagykun-Szolnok
Tiszafüred,Jász-Nagykun-Szolnok
Tiszagyenda,Jász-Nagykun-Szolnok
Tiszagyulaháza,Hajdú-Bihar
Tiszaigar,Jász-Nagykun-Szolnok
Tiszainoka,Jász-Nagykun-Szolnok
Tiszajenő,Jász-Nagykun-Szolnok
Tiszakanyár,Szabolcs-Szatmár-Bereg
Tiszakarád,Borsod-Abaúj-Zemplén
Tiszakécske,Bács-Kiskun
Tiszakerecseny,Szabolcs-Szatmár-Bereg
Tiszakeszi,Borsod-Abaúj-Zemplén
Tiszakóród,Szabolcs-Szatmár-Bereg
Tiszakürt,Jász-Nagykun-Szolnok
Tiszaladány,Borsod-Abaúj-Zemplén
Tiszalök,Szabolcs-Szatmár-Bereg
Tiszalúc,Borsod-Abaúj-Zemplén
Tiszamogyorós,Szabolcs-Szatmár-Bereg
Tiszanagyfalu,Szabolcs-Szatmár-Bereg
Tiszanána,Heves
Tiszaörs,Jász-Nagykun-Szolnok
Tiszapalkonya,Borsod-Abaúj-Zemplén
Tiszapüspöki,Jász-Nagykun-Szolnok
Tiszarád,Szabolcs-Szatmár-Bereg
Tiszaroff,Jász-Nagykun-Szolnok
Tiszasas,Jász-Nagykun-Szolnok
Tiszasüly,Jász-Nagykun-Szolnok
Tiszaszalka,Szabolcs-Szatmár-Bereg
Tiszaszentimre,Jász-Nagykun-Szolnok
Tiszaszentmárton,Szabolcs-Szatmár-Bereg
Tiszasziget,Csongrád-Csanád
Tiszaszőlős,Jász-Nagykun-Szolnok
Tiszatardos,Borsod-Abaúj-Zemplén
Tiszatarján,Borsod-Abaúj-Zemplén
Tiszatelek,Szabolcs-Szatmár-Bereg
Tiszatenyő,Jász-Nagykun-Szolnok
Tiszaug,Bács-Kiskun
Tiszaújváros,Borsod-Abaúj-Zemplén
Tiszavalk,Borsod-Abaúj-Zemplén
Tiszavárkony,Jász-Nagykun-Szolnok
Tiszavasvári,Szabolcs-Szatmár-Bereg
Tiszavid,Szabolcs-Szatmár-Bereg
Tisztaberek,Szabolcs-Szatmár-Bereg
Tivadar,Szabolcs-Szatmár-Bereg
Tóalmás,Pest
Tófalu,Heves
Tófej,Zala
Tófű,1
Tokaj,Borsod-Abaúj-Zemplén
Tokod,Komárom-Esztergom
Tokodaltáró,Komárom-Esztergom
Tokorcs,Vas
Tolcsva,Borsod-Abaúj-Zemplén
Told,Hajdú-Bihar
Tolmács,Nógrád
Tolna,Tolna
Tolnanémedi,Tolna
Tomajmonostora,Jász-Nagykun-Szolnok
Tomor,Borsod-Abaúj-Zemplén
Tompa,Bács-Kiskun
Tompaládony,Vas
Tordas,Fejér
Tormafölde,Zala
Tormás,1
Tormásliget,Vas
Tornabarakony,Borsod-Abaúj-Zemplén
Tornakápolna,Borsod-Abaúj-Zemplén
Tornanádaska,Borsod-Abaúj-Zemplén
Tornaszentandrás,Borsod-Abaúj-Zemplén
Tornaszentjakab,Borsod-Abaúj-Zemplén
Tornyiszentmiklós,Zala
Tornyosnémeti,Borsod-Abaúj-Zemplén
Tornyospálca,Szabolcs-Szatmár-Bereg
Torony,Vas
Torvaj,Somogy
Tószeg,Jász-Nagykun-Szolnok
Tótkomlós,Békés
Tótszentgyörgy,1
Tótszentmárton,Zala
Tótszerdahely,Zala
Tótújfalu,Somogy
Tótvázsony,Veszprém
Tök,Pest
Tököl,Pest
Töltéstava,Győr-Moson-Sopron
Tömörd,Vas
Tömörkény,Csongrád-Csanád
Törökbálint,Pest
Törökkoppány,Somogy
Törökszentmiklós,Jász-Nagykun-Szolnok
Törtel,Pest
Töttös,1
Trizs,Borsod-Abaúj-Zemplén
Tunyogmatolcs,Szabolcs-Szatmár-Bereg
Tura,Pest
Túristvándi,Szabolcs-Szatmár-Bereg
Túrkeve,Jász-Nagykun-Szolnok
Túrony,1
Túrricse,Szabolcs-Szatmár-Bereg
Tuzsér,Szabolcs-Szatmár-Bereg
Türje,Zala
Tüskevár,Veszprém
Tyukod,Szabolcs-Szatmár-Bereg
Udvar,1
Udvari,Tolna
Ugod,Veszprém
Újbarok,Fejér
Újcsanálos,Borsod-Abaúj-Zemplén
Újdombrád,Szabolcs-Szatmár-Bereg
Újfehértó,Szabolcs-Szatmár-Bereg
Újhartyán,Pest
Újiráz,Hajdú-Bihar
Újireg,Tolna
Újkenéz,Szabolcs-Szatmár-Bereg
Újkér,Győr-Moson-Sopron
Újkígyós,Békés
Újlengyel,Pest
Újléta,Hajdú-Bihar
Újlőrincfalva,Heves
Újpetre,1
Újrónafő,Győr-Moson-Sopron
Újsolt,Bács-Kiskun
Újszalonta,Békés
Újszász,Jász-Nagykun-Szolnok
Újszentiván,Csongrád-Csanád
Újszentmargita,Hajdú-Bihar
Újszilvás,Pest
Újtelek,Bács-Kiskun
Újtikos,Hajdú-Bihar
Újudvar,Zala
Újvárfalva,Somogy
Ukk,Veszprém
Und,Győr-Moson-Sopron
Úny,Komárom-Esztergom
Uppony,Borsod-Abaúj-Zemplén
Ura,Szabolcs-Szatmár-Bereg
Uraiújfalu,Vas
Úrhida,Fejér
Úri,Pest
Úrkút,Veszprém
Uszka,Szabolcs-Szatmár-Bereg
Uszód,Bács-Kiskun
Uzsa,Veszprém
Üllés,Csongrád-Csanád
Üllő,Pest
Üröm,Pest
Vác,Pest
Vácduka,Pest
Vácegres,Pest
Váchartyán,Pest
Váckisújfalu,Pest
Vácrátót,Pest
Vácszentlászló,Pest
Vadna,Borsod-Abaúj-Zemplén
Vadosfa,Győr-Moson-Sopron
Vág,Győr-Moson-Sopron
Vágáshuta,Borsod-Abaúj-Zemplén
Vaja,Szabolcs-Szatmár-Bereg
Vajdácska,Borsod-Abaúj-Zemplén
Vajszló,1
Vajta,Fejér
Vál,Fejér
Valkó,Pest
Valkonya,Zala
Vállaj,Szabolcs-Szatmár-Bereg
Vállus,Zala
Vámosatya,Szabolcs-Szatmár-Bereg
Vámoscsalád,Vas
Vámosgyörk,Heves
Vámosmikola,Pest
Vámosoroszi,Szabolcs-Szatmár-Bereg
Vámospércs,Hajdú-Bihar
Vámosújfalu,Borsod-Abaúj-Zemplén
Vámosszabadi,Győr-Moson-Sopron
Váncsod,Hajdú-Bihar
Vanyarc,Nógrád
Vanyola,Veszprém
Várad,1
Váralja,Tolna
Varászló,Somogy
Váraszó,Heves
Várbalog,Győr-Moson-Sopron
Varbó,Borsod-Abaúj-Zemplén
Varbóc,Borsod-Abaúj-Zemplén
Várda,Somogy
Várdomb,Tolna
Várfölde,Zala
Varga,1
Várgesztes,Komárom-Esztergom
Várkesző,Veszprém
Várong,Tolna
Városföld,Bács-Kiskun
Városlőd,Veszprém
Várpalota,Veszprém
Varsád,Tolna
Varsány,Nógrád
Várvölgy,Zala
Vasad,Pest
Vasalja,Vas
Vásárosbéc,1
Vásárosdombó,1
Vásárosfalu,Győr-Moson-Sopron
Vásárosmiske,Vas
Vásárosnamény,Szabolcs-Szatmár-Bereg
Vasasszonyfa,Vas
Vasboldogasszony,Zala
Vasegerszeg,Vas
Vashosszúfalu,Vas
Vaskeresztes,Vas
Vaskút,Bács-Kiskun
Vasmegyer,Szabolcs-Szatmár-Bereg
Vaspör,Zala
Vassurány,Vas
Vasvár,Vas
Vaszar,Veszprém
Vászoly,Veszprém
Vasszécseny,Vas
Vasszentmihály,Vas
Vasszilvágy,Vas
Vát,Vas
Vatta,Borsod-Abaúj-Zemplén
Vázsnok,1
Vécs,Heves
Vecsés,Pest
Végegyháza,Békés
Vejti,1
Vékény,1
Vekerd,Hajdú-Bihar
Velem,Vas
Velemér,Vas
Velence,Fejér
Velény,1
Véménd,1
Vének,Győr-Moson-Sopron
Vép,Vas
Vereb,Fejér
Veresegyház,Pest
Verőce,Pest
Verpelét,Heves
Verseg,Pest
Versend,1
Vértesacsa,Fejér
Vértesboglár,Fejér
Vérteskethely,Komárom-Esztergom
Vértessomló,Komárom-Esztergom
Vértestolna,Komárom-Esztergom
Vértesszőlős,Komárom-Esztergom
Vése,Somogy
Veszkény,Győr-Moson-Sopron
Veszprém,Veszprém
Veszprémfajsz,Veszprém
Veszprémgalsa,Veszprém
Veszprémvarsány,Győr-Moson-Sopron
Vésztő,Békés
Vezseny,Jász-Nagykun-Szolnok
Vid,Veszprém
Vigántpetend,Veszprém
Villány,1
Villánykövesd,1
Vilmány,Borsod-Abaúj-Zemplén
Vilonya,Veszprém
Vilyvitány,Borsod-Abaúj-Zemplén
Vinár,Veszprém
Vindornyafok,Zala
Vindornyalak,Zala
Vindornyaszőlős,Zala
Visegrád,Pest
Visnye,Somogy
Visonta,Heves
Viss,Borsod-Abaúj-Zemplén
Visz,Somogy
Viszák,Vas
Viszló,Borsod-Abaúj-Zemplén
Visznek,Heves
Vitnyéd,Győr-Moson-Sopron
Vízvár,Somogy
Vizslás,Nógrád
Vizsoly,Borsod-Abaúj-Zemplén
Vokány,1
Vonyarcvashegy,Zala
Vöckönd,Zala
Völcsej,Győr-Moson-Sopron
Vönöck,Vas
Vöröstó,Veszprém
Vörs,Somogy
Zabar,Nógrád
Zádor,1
Zádorfalva,Borsod-Abaúj-Zemplén
Zagyvarékas,Jász-Nagykun-Szolnok
Zagyvaszántó,Heves
Záhony,Szabolcs-Szatmár-Bereg
Zajk,Zala
Zajta,Szabolcs-Szatmár-Bereg
Zákány,Somogy
Zákányfalu,Somogy
Zákányszék,Csongrád-Csanád
Zala,Somogy
Zalaapáti,Zala
Zalabaksa,Zala
Zalabér,Zala
Zalaboldogfa,Zala
Zalacsány,Zala
Zalacséb,Zala
Zalaegerszeg,Zala
Zalaerdőd,Veszprém
Zalagyömörő,Veszprém
Zalahaláp,Veszprém
Zalaháshágy,Zala
Zalaigrice,Zala
Zalaistvánd,Zala
Zalakaros,Zala
Zalakomár,Zala
Zalaköveskút,Zala
Zalalövő,Zala
Zalameggyes,Veszprém
Zalamerenye,Zala
Zalasárszeg,Zala
Zalaszabar,Zala
Zalaszántó,Zala
Zalaszegvár,Veszprém
Zalaszentbalázs,Zala
Zalaszentgrót,Zala
Zalaszentgyörgy,Zala
Zalaszentiván,Zala
Zalaszentjakab,Zala
Zalaszentlászló,Zala
Zalaszentlőrinc,Zala
Zalaszentmárton,Zala
Zalaszentmihály,Zala
Zalaszombatfa,Zala
Zaláta,1
Zalatárnok,Zala
Zalaújlak,Zala
Zalavár,Zala
Zalavég,Zala
Zalkod,Borsod-Abaúj-Zemplén
Zamárdi,Somogy
Zámoly,Fejér
Zánka,Veszprém
Zaránk,Heves
Závod,Tolna
Zebecke,Zala
Zebegény,Pest
Zemplénagárd,Borsod-Abaúj-Zemplén
Zengővárkony,1
Zichyújfalu,Fejér
Zics,Somogy
Ziliz,Borsod-Abaúj-Zemplén
Zimány,Somogy
Zirc,Veszprém
Zók,1
Zomba,Tolna
Zubogy,Borsod-Abaúj-Zemplén
Zsadány,Békés
Zsáka,Hajdú-Bihar
Zsámbék,Pest
Zsámbok,Pest
Zsana,Bács-Kiskun
Zsarolyán,Szabolcs-Szatmár-Bereg
Zsebeháza,Győr-Moson-Sopron
Zsédeny,Vas
Zselickisfalud,Somogy
Zselickislak,Somogy
Zselicszentpál,Somogy
Zsennye,Vas
Zsira,Győr-Moson-Sopron
Zsombó,Csongrád-Csanád
Zsujta,Borsod-Abaúj-Zemplén
Zsurk,Szabolcs-Szatmár-Bereg