megye_id,varos_nev
7,Aba
11,Abádszalók
1,Abaliget
10,Abasár
4,Abaújalpár
4,Abaújkér
4,Abaújlak
4,Abaújszántó
4,Abaújszolnok
4,Abaújvár
8,Abda
4,Abod
14,Abony
19,Ábrahámhegy
12,Ács
14,Acsa
18,Acsád
8,Acsalag
12,Ácsteszér
10,Adács
15,Ádánd
19,Adásztevel
7,Adony
19,Adorjánháza
1,Adorjás
1,Ág
2,Ágasegyháza
8,Ágfalva
4,Aggtelek
8,Agyagosszergény
16,Ajak
19,Ajka
12,Aka
2,Akasztó
4,Alacska
7,Alap
11,Alattyán
14,Albertirsa
7,Alcsútdoboz
10,Aldebrő
6,Algyő
20,Alibánfa
1,Almamellék
12,Almásfüzitő
20,Almásháza
3,Almáskamarás
1,Almáskeresztúr
9,Álmosd
4,Alsóberecki
15,Alsóbogát
4,Alsódobsza
4,Alsógagy
1,Alsómocsolád
17,Alsónána
14,Alsónémedi
20,Alsónemesapáti
17,Alsónyék
19,Alsóörs
20,Alsópáhok
13,Alsópetény
20,Alsórajk
4,Alsóregmec
20,Alsószenterzsébet
7,Alsószentiván
1,Alsószentmárton
18,Alsószölnök
4,Alsószuha
4,Alsótelekes
13,Alsótold
18,Alsóújlak
4,Alsóvadász
4,Alsózsolca
6,Ambrózfalva
16,Anarcs
15,Andocs
10,Andornaktálya
18,Andrásfa
12,Annavölgy
19,Apácatorna
16,Apagy
14,Apaj
17,Aparhant
6,Apátfalva
18,Apátistvánfalva
1,Apátvarasd
10,Apc
14,Áporka
2,Apostag
16,Aranyosapáti
1,Aranyosgadány
4,Arka
4,Arló
4,Arnót
4,Ároktő
6,Árpádhalom
8,Árpás
9,Ártánd
6,Ásotthalom
8,Ásványráró
4,Aszaló
12,Ászár
14,Aszód
19,Aszófő
1,Áta
10,Átány
10,Atkár
17,Attala
1,Babarc
1,Babarcszőlős
15,Babócsa
12,Bábolna
15,Bábonymegyer
20,Babosdöbréte
8,Babót
2,Bácsalmás
2,Bácsbokod
2,Bácsborsód
2,Bácsszentgyörgy
2,Bácsszőlős
19,Badacsonytomaj
19,Badacsonytördemic
14,Bag
9,Bagamér
20,Baglad
20,Bagod
8,Bágyogszovát
12,Baj
2,Baja
18,Bajánsenye
12,Bajna
12,Bajót
20,Bak
15,Bakháza
1,Bakóca
9,Bakonszeg
1,Bakonya
12,Bakonybánk
19,Bakonybél
7,Bakonycsernye
8,Bakonygyirót
19,Bakonyjákó
19,Bakonykoppány
7,Bakonykúti
19,Bakonynána
19,Bakonyoszlop
8,Bakonypéterd
19,Bakonypölöske
19,Bakonyság
12,Bakonysárkány
19,Bakonyszentiván
19,Bakonyszentkirály
8,Bakonyszentlászló
12,Bakonyszombathely
19,Bakonyszücs
19,Bakonytamási
6,Baks
1,Baksa
4,Baktakék
16,Baktalórántháza
20,Baktüttös
4,Balajt
13,Balassagyarmat
6,Balástya
10,Balaton
19,Balatonakali
19,Balatonakarattya
19,Balatonalmádi
15,Balatonberény
15,Balatonboglár
19,Balatoncsicsó
19,Balatonederics
15,Balatonendréd
15,Balatonfenyves
19,Balatonfőkajár
15,Balatonföldvár
19,Balatonfüred
19,Balatonfűzfő
20,Balatongyörök
19,Balatonhenye
19,Balatonkenese
15,Balatonkeresztúr
15,Balatonlelle
20,Balatonmagyaród
15,Balatonmáriafürdő
15,Balatonőszöd
19,Balatonrendes
15,Balatonszabadi
15,Balatonszárszó
15,Balatonszemes
15,Balatonszentgyörgy
19,Balatonszepezd
19,Balatonszőlős
19,Balatonudvari
15,Balatonújlak
15,Balatonvilágos
7,Balinka
16,Balkány
2,Ballószög
9,Balmazújváros
18,Balogunyom
2,Balotaszállás
16,Balsa
15,Bálványos
12,Bana
19,Bánd
1,Bánfa
4,Bánhorváti
13,Bánk
20,Bánokszentgyörgy
4,Bánréve
1,Bár
16,Barabás
7,Baracs
7,Baracska
9,Báránd
1,1hídvég
1,1jenő
1,1szentgyörgy
8,Barbacs
15,Barcs
15,Bárdudvarnok
20,Barlahida
13,Bárna
19,Barnag
12,Bársonyos
1,Basal
4,Baskó
17,Báta
17,Bátaapáti
17,Bátaszék
15,Baté
2,Bátmonostor
13,Bátonyterenye
10,Bátor
16,Bátorliget
3,Battonya
2,Bátya
20,Batyk
20,Bázakerettye
19,Bazsi
19,Béb
20,Becsehely
13,Becske
4,Becskeháza
20,Becsvölgye
15,Bedegkér
9,Bedő
18,Bejcgyertyános
19,Békás
4,Bekecs
3,Békés
3,Békéscsaba
3,Békéssámson
3,Békésszentandrás
10,Bekölce
10,Bélapátfalva
15,Bélavár
17,Belecska
8,Beled
15,Beleg
20,Belezna
3,Bélmegyer
7,Beloiannisz
20,Belsősárd
1,Belvárdgyula
16,Benk
14,Bénye
13,Bér
18,Bérbaltavár
13,Bercel
16,Beregdaróc
16,Beregsurány
9,Berekböszörmény
11,Berekfürdő
1,Beremend
4,Berente
4,Beret
9,Berettyóújfalu
19,Berhida
13,Berkenye
1,Berkesd
16,Berkesz
14,Bernecebaráti
4,Berzék
15,Berzence
1,Besence
16,Besenyőd
10,Besenyőtelek
11,Besenyszög
7,Besnyő
16,Beszterec
1,Bezedek
8,Bezenye
20,Bezeréd
8,Bezi
14,Biatorbágy
1,Bicsérd
7,Bicske
9,Bihardancsháza
9,Biharkeresztes
9,Biharnagybajom
9,Bihartorda
3,Biharugra
17,Bikács
1,Bikal
16,Biri
1,Birján
1,Bisse
18,Boba
20,Bocfölde
10,Boconád
2,Bócsa
20,Bocska
9,Bocskaikert
1,Boda
7,Bodajk
7,Bodmér
1,Bodolyabér
8,Bodonhely
10,Bodony
19,Bodorfa
15,Bodrog
4,Bodroghalom
4,Bodrogkeresztúr
4,Bodrogkisfalud
4,Bodrogolaszi
4,Bódvalenke
4,Bódvarákó
4,Bódvaszilas
4,Bogács
1,Bogád
1,Bogádmindszent
1,Bogdása
17,Bogyiszló
8,Bogyoszló
9,Bojt
20,Bókaháza
12,Bokod
13,Bokor
10,Boldog
1,Boldogasszonyfa
4,Boldogkőújfalu
4,Boldogkőváralja
4,Boldva
15,Bolhás
15,Bolhó
1,Bóly
20,Boncodfölde
17,Bonyhád
17,Bonyhádvarasd
15,Bonnya
6,Bordány
18,Borgáta
1,Borjád
2,Borota
20,Borsfa
4,Borsodbóta
4,Borsodgeszt
4,Borsodivánka
4,Borsodnádasd
4,Borsodszentgyörgy
4,Borsodszirák
13,Borsosberény
19,Borszörcsök
19,Borzavár
1,Bosta
16,Botpalád
1,Botykapeterd
18,Bozzai
18,Bozsok
4,Bózsva
18,Bő
4,Bőcs
20,Böde
20,Bödeháza
18,Bögöt
18,Bögöte
15,Böhönye
16,Bököny
17,Bölcske
8,Bőny
8,Börcs
20,Börzönce
8,Bősárkány
15,Bőszénfa
3,Bucsa
18,Bucsu
20,Búcsúszentlászló
20,Bucsuta
14,Budajenő
14,Budakalász
14,Budakeszi
14,Budaörs
14,Budapest
2,Bugac
2,Bugacpusztaháza
14,Bugyi
16,Buj
13,Buják
15,Buzsák
18,Bük
4,Bükkábrány
4,Bükkaranyos
4,Bükkmogyorósd
1,Bükkösd
10,Bükkszék
10,Bükkszenterzsébet
4,Bükkszentkereszt
10,Bükkszentmárton
4,Bükkzsérc
1,Bürüs
15,Büssü
4,Büttös
18,Cák
8,Cakóháza
7,Cece
16,Cégénydányád
14,Cegléd
14,Ceglédbercel
18,Celldömölk
13,Cered
18,Chernelházadamonya
11,Cibakháza
4,Cigánd
17,Cikó
8,Cirák
1,Cún
3,Csabacsűd
3,Csabaszabadi
7,Csabdi
19,Csabrendek
8,Csáfordjánosfa
16,Csaholc
19,Csajág
15,Csákány
18,Csákánydoroszló
7,Csákberény
7,Csákvár
6,Csanádalberti
3,Csanádapáca
6,Csanádpalota
18,Csánig
10,Csány
1,Csányoszró
6,Csanytelek
20,Csapi
8,Csapod
3,Csárdaszállás
1,Csarnóta
16,Csaroda
12,Császár
2,Császártöltés
16,Császló
2,Csátalja
20,Csatár
11,Csataszög
12,Csatka
2,Csávoly
1,Csebény
13,Csécse
16,Csegöld
19,Csehbánya
18,Csehi
18,Csehimindszent
12,Csém
14,Csemő
18,Csempeszkopács
6,Csengele
16,Csenger
16,Csengersima
16,Csengerújfalu
2,Csengőd
18,Csénye
4,Csenyéte
12,Csép
11,Csépa
18,Csepreg
8,Csér
1,Cserdi
15,Cserénfa
4,Cserépfalu
4,Cserépváralja
13,Cserháthaláp
13,Cserhátsurány
13,Cserhátszentiván
11,Cserkeszőlő
1,Cserkút
4,Csernely
20,Cserszegtomaj
20,Csertalakos
1,Csertő
19,Csesznek
20,Csesztreg
13,Csesztve
19,Csetény
14,Csévharaszt
17,Csibrák
2,Csikéria
17,Csikóstőttős
8,Csikvánd
4,Csincse
18,Csipkerek
13,Csitár
4,Csobád
4,Csobaj
14,Csobánka
7,Csókakő
15,Csokonyavisonta
4,Csokvaomány
12,Csolnok
2,Csólyospálos
15,Csoma
14,Csomád
15,Csombárd
6,Csongrád
20,Csonkahegyhát
1,Csonkamindszent
19,Csopak
7,Csór
8,Csorna
3,Csorvás
19,Csót
20,Csöde
19,Csögle
9,Csökmő
15,Csököly
15,Csömend
20,Csömödér
14,Csömör
18,Csönge
20,Csörnyeföld
14,Csörög
18,Csörötnek
7,Csősz
14,Csővár
15,Csurgó
15,Csurgónagymarton
14,Dabas
19,Dabronc
19,Dabrony
12,Dad
12,Dág
19,Dáka
17,Dalmand
4,Damak
4,Dámóc
14,Dánszentmiklós
14,Dány
18,Daraboshegy
15,Darány
16,Darnó
8,Darnózseli
7,Daruszentmiklós
9,Darvas
2,Dávod
13,Debercsény
9,Debrecen
4,Debréte
17,Decs
4,Dédestapolcsány
7,Dég
13,Dejtár
14,Délegyháza
16,Demecser
10,Demjén
1,Dencsháza
8,Dénesfa
9,Derecske
6,Derekegyház
6,Deszk
4,Detek
10,Detk
3,Dévaványa
19,Devecser
1,Dinnyeberki
17,Diósberény
14,Diósd
13,Diósjenő
20,Dióskál
1,Diósviszló
19,Doba
3,Doboz
20,Dobri
20,Dobronhegy
6,Dóc
4,Domaháza
6,Domaszék
3,Dombegyház
3,Dombiratos
17,Dombóvár
16,Dombrád
14,Domony
10,Domoszló
10,Dormánd
12,Dorog
13,Dorogháza
18,Dozmat
18,Döbörhegy
20,Döbröce
17,Döbrököz
19,Döbrönte
16,Döge
12,Dömös
14,Dömsöd
8,Dör
19,Dörgicse
18,Döröske
20,Dötk
4,Dövény
2,Drágszél
1,Drávacsehi
1,Drávacsepely
1,Drávafok
15,Drávagárdony
1,Drávaiványi
1,Drávakeresztúr
1,Drávapalkonya
1,Drávapiski
1,Drávaszabolcs
1,Drávaszerdahely
1,Drávasztára
15,Drávatamási
13,Drégelypalánk
4,Dubicsány
19,Dudar
18,Duka
12,Dunaalmás
14,Dunabogdány
2,Dunaegyháza
2,Dunafalva
17,Dunaföldvár
14,Dunaharaszti
14,Dunakeszi
8,Dunakiliti
2,Dunapataj
8,Dunaremete
8,Dunaszeg
1,Dunaszekcső
2,Dunaszentbenedek
17,Dunaszentgyörgy
12,Dunaszentmiklós
8,Dunaszentpál
8,Dunasziget
2,Dunatetétlen
7,Dunaújváros
14,Dunavarsány
2,Dunavecse
2,Dusnok
17,Dúzs
8,Ebergőc
9,Ebes
8,Écs
10,Ecséd
13,Ecseg
3,Ecsegfalva
15,Ecseny
14,Ecser
15,Edde
4,Edelény
8,Edve
10,Eger
1,Egerág
19,Egeralja
20,Egeraracsa
10,Egerbakta
10,Egerbocs
10,Egercsehi
10,Egerfarmos
4,Egerlövő
10,Egerszalók
10,Egerszólát
4,Égerszög
20,Egervár
18,Egervölgy
8,Egyed
9,Egyek
13,Egyházasdengeleg
8,Egyházasfalu
13,Egyházasgerge
1,Egyházasharaszti
18,Egyházashetye
18,Egyházashollós
19,Egyházaskesző
1,Egyházaskozár
18,Egyházasrádóc
3,Elek
1,Ellend
7,Előszállás
4,Emőd
4,Encs
16,Encsencs
13,Endrefalva
1,Endrőc
8,Enese
7,Enying
6,Eperjes
16,Eperjeske
19,Eplény
12,Epöl
7,Ercsi
14,Érd
4,Erdőbénye
4,Erdőhorváti
14,Erdőkertes
10,Erdőkövesd
13,Erdőkürt
1,Erdősmárok
1,Erdősmecske
13,Erdőtarcsa
10,Erdőtelek
10,Erk
16,Érpatak
2,Érsekcsanád
2,Érsekhalma
13,Érsekvadkert
17,Értény
1,Erzsébet
9,Esztár
20,Eszteregnye
20,Esztergályhorváti
12,Esztergom
12,Ete
13,Etes
7,Etyek
16,Fábiánháza
6,Fábiánsebestyén
17,Fácánkert
17,Fadd
4,Fáj
2,Fajsz
4,Fancsal
8,Farád
19,Farkasgyepű
4,Farkaslyuk
14,Farmos
1,Fazekasboda
10,Fedémes
11,Fegyvernek
16,Fehérgyarmat
8,Fehértó
7,Fehérvárcsurgó
1,Feked
8,Feketeerdő
7,Felcsút
10,Feldebrő
6,Felgyő
8,Felpéc
4,Felsőberecki
18,Felsőcsatár
4,Felsődobsza
1,Felsőegerszeg
4,Felsőgagy
18,Felsőjánosfa
4,Felsőkelecsény
2,Felsőlajos
18,Felsőmarác
15,Felsőmocsolád
17,Felsőnána
4,Felsőnyárád
17,Felsőnyék
19,Felsőörs
20,Felsőpáhok
14,Felsőpakony
13,Felsőpetény
20,Felsőrajk
4,Felsőregmec
20,Felsőszenterzsébet
2,Felsőszentiván
1,Felsőszentmárton
18,Felsőszölnök
10,Felsőtárkány
4,Felsőtelekes
13,Felsőtold
4,Felsővadász
4,Felsőzsolca
16,Fényeslitke
8,Fenyőfő
6,Ferencszállás
8,Fertőboz
8,Fertőd
8,Fertőendréd
8,Fertőhomok
8,Fertőrákos
8,Fertőszentmiklós
8,Fertőszéplak
15,Fiad
4,Filkeháza
20,Fityeház
2,Foktő
9,Folyás
15,Fonó
4,Fony
15,Fonyód
6,Forráskút
4,Forró
14,Fót
6,Földeák
9,Földes
15,Főnyed
4,Fulókércs
9,Furta
7,Füle
16,Fülesd
9,Fülöp
2,Fülöpháza
2,Fülöpjakab
2,Fülöpszállás
16,Fülpösdaróc
17,Fürged
4,Füzér
4,Füzérkajata
4,Füzérkomlós
4,Füzérradvány
10,Füzesabony
3,Füzesgyarmat
20,Fűzvölgy
9,Gáborján
20,Gáborjánháza
16,Gacsály
15,Gadács
15,Gadány
4,Gadna
3,Gádoros
4,Gagyapáti
4,Gagybátor
4,Gagyvendégi
20,Galambok
13,Galgaguta
14,Galgagyörk
14,Galgahévíz
14,Galgamácsa
15,Gálosfa
4,Galvács
15,Gamás
19,Ganna
7,Gánt
2,Gara
13,Garáb
20,Garabonc
4,Garadna
16,Garbolc
7,Gárdony
1,Garé
18,Gasztony
2,Gátér
16,Gávavencsellő
16,Géberjén
19,Gecse
2,Géderlak
16,Gégény
4,Gelej
16,Gelénes
20,Gellénháza
20,Gelse
20,Gelsesziget
16,Gemzse
18,Gencsapáti
18,Gérce
1,Gerde
3,Gerendás
1,Gerényes
1,Geresdlak
17,Gerjen
18,Gersekarát
3,Geszt
4,Gesztely
16,Geszteréd
20,Gétye
4,Gibárt
19,Gic
15,Gige
1,Gilvánfa
4,Girincs
19,Gógánfa
4,Golop
14,Gomba
20,Gombosszeg
18,Gór
1,Gordisa
20,Gosztola
14,Göd
14,Gödöllő
1,Gödre
15,Gölle
4,Gömörszőlős
4,Gönc
4,Göncruszka
8,Gönyű
9,Görbeháza
1,Görcsöny
1,Görcsönydoboka
15,Görgeteg
20,Gősfa
17,Grábóc
16,Gulács
20,Gutorfölde
14,Gyál
8,Gyalóka
18,Gyanógeregye
8,Gyarmat
15,Gyékényes
20,Gyenesdiás
19,Gyepükaján
12,Gyermely
1,Gyód
3,Gyomaendrőd
8,Gyóró
8,Gyömöre
14,Gyömrő
1,Gyöngyfa
10,Gyöngyös
18,Gyöngyösfalu
10,Gyöngyöshalász
1,Gyöngyösmellék
10,Gyöngyösoroszi
10,Gyöngyöspata
10,Gyöngyössolymos
10,Gyöngyöstarján
17,Gyönk
8,Győr
8,Győrasszonyfa
17,Györe
4,Györgytarló
17,Györköny
8,Győrladamér
16,Győröcske
8,Győrság
8,Győrsövényház
8,Győrszemere
16,Győrtelek
8,Győrújbarát
8,Győrújfalu
18,Győrvár
8,Győrzámoly
15,Gyugy
3,Gyula
16,Gyulaháza
17,Gyulaj
19,Gyulakeszi
7,Gyúró
16,Gyügye
16,Gyüre
20,Gyűrűs
15,Hács
20,Hagyárosbörönd
20,Hahót
9,Hajdúbagos
9,Hajdúböszörmény
9,Hajdúdorog
9,Hajdúhadház
9,Hajdúnánás
9,Hajdúsámson
9,Hajdúszoboszló
9,Hajdúszovát
15,Hajmás
19,Hajmáskér
2,Hajós
18,Halastó
8,Halászi
14,Halásztelek
19,Halimba
4,Halmaj
10,Halmajugra
18,Halogy
4,Hangács
4,Hangony
7,Hantos
18,Harasztifalu
17,Harc
8,Harka
2,Harkakötöny
1,Harkány
15,Háromfa
4,Háromhuta
4,Harsány
19,Hárskút
2,Harta
1,Hásságy
10,Hatvan
8,Hédervár
15,Hedrehely
19,Hegyesd
8,Hegyeshalom
18,Hegyfalu
18,Hegyháthodász
1,Hegyhátmaróc
18,Hegyhátsál
18,Hegyhátszentjakab
18,Hegyhátszentmárton
18,Hegyhátszentpéter
8,Hegykő
19,Hegymagas
4,Hegymeg
1,Hegyszentmárton
13,Héhalom
4,Hejce
4,Hejőbába
4,Hejőkeresztúr
4,Hejőkürt
4,Hejőpapi
4,Hejőszalonta
1,Helesfa
2,Helvécia
9,Hencida
15,Hencse
14,Herceghalom
4,Hercegkút
2,Hercegszántó
10,Heréd
12,Héreg
13,Herencsény
19,Herend
15,Heresznye
16,Hermánszeg
14,Hernád
4,Hernádbűd
4,Hernádcéce
4,Hernádkak
4,Hernádkércs
4,Hernádnémeti
4,Hernádpetri
4,Hernádszentandrás
4,Hernádszurdok
4,Hernádvécse
20,Hernyék
4,Hét
16,Hetefejércse
15,Hetes
1,Hetvehely
19,Hetyefő
10,Heves
10,Hevesaranyos
10,Hevesvezekény
20,Hévíz
14,Hévízgyörk
1,Hidas
4,Hidasnémeti
19,Hidegkút
8,Hidegség
4,Hidvégardó
1,Himesháza
8,Himod
1,Hirics
1,Hobol
16,Hodász
6,Hódmezővásárhely
15,Hollád
4,Hollóháza
13,Hollókő
19,Homokbödöge
20,Homokkomárom
2,Homokmégy
15,Homokszentgyörgy
1,Homorúd
4,Homrogd
13,Hont
13,Horpács
10,Hort
9,Hortobágy
1,Horváthertelend
18,Horvátlövő
18,Horvátzsidány
1,Hosszúhetény
9,Hosszúpályi
18,Hosszúpereszteg
15,Hosszúvíz
20,Hosszúvölgy
19,Hosztót
20,Hottó
17,Hőgyész
8,Hövej
13,Hugyag
3,Hunya
11,Hunyadfalva
1,Husztót
1,Ibafa
20,Iborfia
16,Ibrány
15,Igal
7,Igar
4,Igrici
15,Iharos
15,Iharosberény
18,Ikervár
14,Iklad
18,Iklanberény
20,Iklódbördőce
8,Ikrény
13,Iliny
16,Ilk
1,Illocska
4,Imola
2,Imrehegy
4,Ináncs
14,Inárcs
15,Inke
1,Ipacsfa
14,Ipolydamásd
13,Ipolyszög
13,Ipolytarnóc
14,Ipolytölgyes
13,Ipolyvece
17,Iregszemcse
4,Irota
14,Isaszeg
18,Ispánk
10,Istenmezeje
15,Istvándi
7,Iszkaszentgyörgy
19,Iszkáz
7,Isztimér
10,Ivád
8,Iván
1,Ivánbattyán
18,Ivánc
7,Iváncsa
1,Ivándárda
17,Izmény
2,Izsák
4,Izsófalva
17,Jágónak
18,Ják
2,Jakabszállás
18,Jákfa
4,Jákfalva
15,Jákó
16,Jánd
16,Jánkmajtis
2,Jánoshalma
18,Jánosháza
11,Jánoshida
8,Jánossomorja
4,Járdánháza
16,Jármi
19,Jásd
11,Jászágó
11,Jászalsószentgyörgy
11,Jászapáti
11,Jászárokszállás
11,Jászberény
11,Jászboldogháza
11,Jászdózsa
11,Jászfelsőszentgyörgy
11,Jászfényszaru
11,Jászivány
11,Jászjákóhalma
14,Jászkarajenő
11,Jászkisér
11,Jászladány
11,Jászszentandrás
2,Jászszentlászló
11,Jásztelek
16,Jéke
7,Jenő
8,Jobaháza
13,Jobbágyi
4,Jósvafő
15,Juta
9,Kaba
20,Kacorlak
4,Kács
1,Kacsóta
15,Kadarkút
8,Kajárpéc
7,Kajászó
17,Kajdacs
17,Kakasd
1,Kákics
14,Kakucs
10,Kál
17,Kalaznó
18,Káld
13,Kálló
20,Kallósd
16,Kállósemjén
15,Kálmáncsa
16,Kálmánháza
20,Kálócfa
2,Kalocsa
7,Káloz
18,Kám
19,Kamond
3,Kamut
4,Kánó
16,Kántorjánosi
4,Kány
15,Kánya
20,Kányavár
19,Kapolcs
10,Kápolna
7,Kápolnásnyék
15,Kapoly
15,Kaposfő
15,Kaposgyarmat
15,Kaposhomok
15,Kaposkeresztúr
15,Kaposmérő
17,Kapospula
15,Kaposújlak
15,Kaposvár
17,Kaposszekcső
15,Kaposszerdahely
19,Káptalanfa
19,Káptalantóti
8,Kapuvár
15,Kára
10,Karácsond
15,Karád
18,Karakó
19,Karakószörcsök
13,Karancsalja
13,Karancsberény
13,Karancskeszi
13,Karancslapujtő
13,Karancsság
1,Kárász
11,Karcag
4,Karcsa
3,Kardos
3,Kardoskút
20,Karmacs
8,Károlyháza
4,Karos
14,Kartal
1,Kásád
2,Kaskantyú
15,Kastélyosdombó
3,Kaszaper
15,Kaszó
1,Katádfa
18,Katafa
1,Kátoly
2,Katymár
14,Káva
20,Kávás
13,Kazár
4,Kazincbarcika
4,Kázsmárk
15,Kazsok
2,Kecel
12,Kecskéd
2,Kecskemét
20,Kehidakustány
16,Kék
16,Kékcse
4,Kéked
1,Kékesd
19,Kékkút
2,Kelebia
18,Keléd
4,Kelemér
2,Kéleshalom
15,Kelevíz
16,Kemecse
14,Kemence
20,Kemendollár
19,Kemeneshőgyész
18,Kemeneskápolna
18,Kemenesmagasi
18,Kemenesmihályfa
18,Kemenespálfa
18,Kemenessömjén
18,Kemenesszentmárton
19,Kemenesszentpéter
20,Keménfa
1,Kémes
18,Kemestaródfa
1,Kemse
11,Kenderes
18,Kenéz
4,Kenézlő
11,Kengyel
18,Kenyeri
18,Kercaszomor
15,Kercseliget
10,Kerecsend
20,Kerecseny
2,Kerekegyháza
10,Kerekharaszt
15,Kereki
12,Kerékteleki
14,Kerepes
4,Keresztéte
20,Kerkabarabás
20,Kerkafalva
20,Kerkakutas
18,Kerkáskápolna
20,Kerkaszentkirály
20,Kerkateskánd
16,Kérsemjén
19,Kerta
3,Kertészsziget
13,Keszeg
4,Kesznyéten
17,Keszőhidegkút
20,Keszthely
12,Kesztölc
1,Keszü
13,Kétbodony
3,Kétegyháza
15,Kéthely
11,Kétpó
3,Kétsoprony
1,Kétújfalu
18,Kétvölgy
17,Kéty
3,Kevermes
20,Kilimán
8,Kimle
7,Kincsesbánya
4,Királd
1,Királyegyháza
6,Királyhegyes
19,Királyszentistván
19,Kisapáti
7,Kisapostag
16,Kisar
15,Kisasszond
1,Kisasszonyfa
8,Kisbabot
13,Kisbágyon
8,Kisbajcs
15,Kisbajom
15,Kisbárapáti
13,Kisbárkány
12,Kisbér
15,Kisberény
19,Kisberzseny
1,Kisbeszterce
8,Kisbodak
20,Kisbucsa
1,Kisbudmér
4,Kiscsécs
20,Kiscsehi
19,Kiscsősz
1,Kisdér
1,Kisdobsza
3,Kisdombegyház
17,Kisdorog
13,Kisecset
8,Kisfalud
10,Kisfüzes
20,Kisgörbő
15,Kisgyalán
4,Kisgyőr
1,Kishajmás
1,Kisharsány
13,Kishartyán
1,Kisherend
16,Kishódos
4,Kishuta
12,Kisigmánd
1,Kisjakabfalva
1,Kiskassa
4,Kiskinizs
15,Kiskorpád
10,Kisköre
2,Kiskőrös
2,Kiskunfélegyháza
2,Kiskunhalas
14,Kiskunlacháza
2,Kiskunmajsa
20,Kiskutas
7,Kisláng
16,Kisléta
1,Kislippó
19,Kislőd
17,Kismányok
9,Kismarja
14,Kismaros
16,Kisnamény
10,Kisnána
14,Kisnémedi
1,Kisnyárád
14,Kisoroszi
16,Kispalád
20,Kispáli
19,Kispirit
18,Kisrákos
20,Kisrécse
4,Kisrozvágy
4,Kissikátor
18,Kissomlyó
1,Kistamási
1,Kistapolca
14,Kistarcsa
6,Kistelek
4,Kistokaj
20,Kistolmács
17,Kistormás
1,Kistótfalu
11,Kisújszállás
18,Kisunyom
16,Kisvárda
16,Kisvarsány
20,Kisvásárhely
1,Kisvaszar
17,Kisvejke
6,Kiszombor
18,Kiszsidány
2,Kisszállás
17,Kisszékely
16,Kisszekeres
1,Kisszentmárton
20,Kissziget
19,Kisszőlős
6,Klárafalva
12,Kocs
14,Kocsér
17,Kocsola
16,Kocsord
14,Kóka
9,Kokad
19,Kolontár
9,Komádi
12,Komárom
4,Komjáti
1,Komló
16,Komlódtótfalu
15,Komlósd
4,Komlóska
16,Komoró
10,Kompolt
4,Kondó
18,Kondorfa
3,Kondoros
8,Kóny
9,Konyár
8,Kópháza
17,Koppányszántó
4,Korlát
8,Koroncó
1,Kórós
14,Kosd
14,Kóspallag
16,Kótaj
1,Kovácshida
1,Kovácsszénája
4,Kovácsvágás
13,Kozárd
1,Kozármisleny
20,Kozmadombja
1,Köblény
18,Köcsk
1,Kökény
15,Kőkút
16,Kölcse
17,Kölesd
1,Kölked
10,Kömlő
12,Kömlőd
16,Kömörő
2,Kömpöc
18,Körmend
12,Környe
4,Köröm
15,Kőröshegy
3,Körösladány
3,Körösnagyharsány
3,Köröstarcsa
14,Kőröstetétlen
3,Körösújfalu
9,Körösszakál
9,Körösszegapáti
7,Kőszárhegy
18,Kőszeg
18,Kőszegdoroszló
18,Kőszegpaty
18,Kőszegszerdahely
15,Kötcse
3,Kötegyán
11,Kőtelek
19,Kővágóörs
1,Kővágószőlős
1,Kővágótöttös
6,Kövegy
19,Köveskál
4,Krasznokvajda
7,Kulcs
2,Kunadacs
3,Kunágota
2,Kunbaja
2,Kunbaracs
11,Kuncsorba
2,Kunfehértó
11,Kunhegyes
11,Kunmadaras
2,Kunpeszér
2,Kunszállás
11,Kunszentmárton
2,Kunszentmiklós
8,Kunsziget
19,Kup
4,Kupa
17,Kurd
4,Kurityán
20,Kustánszeg
15,Kutas
13,Kutasó
6,Kübekháza
20,Külsősárd
19,Külsővat
19,Küngös
12,Lábatlan
15,Lábod
4,Lácacséke
15,Lad
2,Ladánybene
4,Ládbesenyő
7,Lajoskomárom
2,Lajosmizse
4,Lak
20,Lakhegy
2,Lakitelek
15,Lakócsa
1,Lánycsók
17,Lápafő
1,Lapáncsa
16,Laskod
20,Lasztonya
15,Látrány
8,Lázi
14,Leányfalu
12,Leányvár
8,Lébény
13,Legénd
4,Legyesbénye
4,Léh
4,Lénárddaróc
20,Lendvadedes
20,Lendvajakabfa
17,Lengyel
15,Lengyeltóti
20,Lenti
7,Lepsény
19,Lesencefalu
19,Lesenceistvánd
19,Lesencetomaj
9,Létavértes
20,Letenye
14,Letkés
8,Levél
16,Levelek
15,Libickozma
20,Lickóvadamos
1,Liget
20,Ligetfalva
8,Lipót
1,Lippó
1,Liptód
20,Lispeszentadorján
20,Liszó
19,Litér
4,Litka
13,Litke
18,Lócs
19,Lókút
16,Lónya
14,Lórév
1,Lothárd
19,Lovas
7,Lovasberény
1,Lovászhetény
20,Lovászi
19,Lovászpatona
3,Lőkösháza
10,Lőrinci
8,Lövő
16,Lövőpetri
13,Lucfalva
13,Ludányhalászi
10,Ludas
18,Lukácsháza
15,Lulla
1,Lúzsok
4,Mád
2,Madaras
17,Madocsa
8,Maglóca
14,Maglód
1,Mágocs
16,Magosliget
16,Magy
7,Magyaralmás
15,Magyaratád
3,Magyarbánhegyes
1,Magyarbóly
6,Magyarcsanád
3,Magyardombegyház
1,Magyaregregy
15,Magyaregres
20,Magyarföld
13,Magyargéc
19,Magyargencs
1,Magyarhertelend
9,Magyarhomorog
8,Magyarkeresztúr
17,Magyarkeszi
18,Magyarlak
1,Magyarlukafa
1,Magyarmecske
18,Magyarnádalja
13,Magyarnándor
19,Magyarpolány
1,Magyarsarlós
18,Magyarszecsőd
1,Magyarszék
20,Magyarszentmiklós
20,Magyarszerdahely
18,Magyarszombatfa
1,Magyartelek
14,Majosháza
1,Majs
14,Makád
4,Makkoshotyka
10,Maklár
6,Makó
19,Malomsok
4,Mályi
4,Mályinka
16,Mánd
16,Mándok
1,Mánfa
7,Mány
1,Maráza
19,Marcalgergelyi
15,Marcali
19,Marcaltő
1,Márfa
12,Máriahalom
8,Máriakálnok
1,Máriakéménd
14,Márianosztra
16,Máriapócs
10,Markaz
13,Márkháza
19,Márkó
1,Markóc
8,Markotabödöge
20,Maróc
1,Marócsa
1,Márok
20,Márokföld
16,Márokpapi
6,Maroslele
6,Mártély
11,Martfű
1,Martonfa
7,Martonvásár
4,Martonyi
16,Mátészalka
2,Mátételke
10,Mátraballa
10,Mátraderecske
13,Mátramindszent
13,Mátranovák
13,Mátraszele
10,Mátraszentimre
13,Mátraszőlős
13,Mátraterenye
13,Mátraverebély
7,Mátyásdomb
1,Matty
16,Mátyus
1,Máza
1,Mecseknádasd
1,Mecsekpölöske
8,Mecsér
3,Medgyesbodzás
3,Medgyesegyháza
17,Medina
4,Megyaszó
18,Megyehíd
19,Megyer
18,Meggyeskovácsi
3,Méhkerék
16,Méhtelek
1,Mekényes
2,Mélykút
19,Mencshely
14,Mende
4,Méra
1,Merenye
8,Mérges
16,Mérk
15,Mernye
18,Mersevát
18,Mesterháza
18,Mesteri
11,Mesterszállás
4,Meszes
18,Meszlen
15,Mesztegnyő
3,Mezőberény
4,Mezőcsát
15,Mezőcsokonya
1,Meződ
7,Mezőfalva
3,Mezőgyán
3,Mezőhegyes
11,Mezőhék
4,Mezőkeresztes
7,Mezőkomárom
3,Mezőkovácsháza
4,Mezőkövesd
16,Mezőladány
19,Mezőlak
4,Mezőnagymihály
4,Mezőnyárád
8,Mezőörs
9,Mezőpeterd
9,Mezősas
10,Mezőszemere
7,Mezőszentgyörgy
7,Mezőszilas
10,Mezőtárkány
11,Mezőtúr
4,Mezőzombor
20,Miháld
20,Mihályfa
13,Mihálygerge
19,Mihályháza
8,Mihályi
15,Mike
14,Mikebuda
20,Mikekarácsonyfa
9,Mikepércs
15,Miklósi
10,Mikófalva
4,Mikóháza
18,Mikosszéplak
20,Milejszeg
16,Milota
6,Mindszent
1,Mindszentgodisa
19,Mindszentkálla
20,Misefa
2,Miske
4,Miskolc
17,Miszla
12,Mocsa
14,Mogyoród
12,Mogyorósbánya
4,Mogyoróska
7,Moha
1,Mohács
13,Mohora
20,Molnári
18,Molnaszecsőd
1,Molvány
4,Monaj
4,Monok
14,Monor
14,Monorierdő
10,Mónosbél
19,Monostorapáti
9,Monostorpályi
19,Monoszló
1,Monyoród
7,Mór
17,Mórágy
6,Mórahalom
2,Móricgát
8,Mórichida
15,Mosdós
8,Mosonmagyaróvár
8,Mosonszentmiklós
8,Mosonszolnok
8,Mosonudvar
1,Mozsgó
17,Mőcsény
17,Mucsfa
17,Mucsi
4,Múcsony
4,Muhi
20,Murakeresztúr
20,Murarátka
20,Muraszemenye
17,Murga
3,Murony
16,Nábrád
7,Nadap
18,Nádasd
7,Nádasdladány
9,Nádudvar
15,Nágocs
19,Nagyacsád
19,Nagyalásony
16,Nagyar
15,Nagyatád
8,Nagybajcs
15,Nagybajom
20,Nagybakónak
3,Nagybánhegyes
2,Nagybaracska
4,Nagybarca
13,Nagybárkány
15,Nagyberény
15,Nagyberki
14,Nagybörzsöny
1,Nagybudmér
8,Nagycenk
1,Nagycsány
4,Nagycsécs
15,Nagycsepely
16,Nagycserkesz
19,Nagydém
16,Nagydobos
1,Nagydobsza
17,Nagydorog
16,Nagyecsed
6,Nagyér
19,Nagyesztergár
10,Nagyfüged
18,Nagygeresd
20,Nagygörbő
19,Nagygyimót
1,Nagyhajmás
16,Nagyhalász
1,Nagyharsány
9,Nagyhegyes
16,Nagyhódos
4,Nagyhuta
12,Nagyigmánd
11,Nagyiván
16,Nagykálló
3,Nagykamarás
20,Nagykanizsa
20,Nagykapornak
7,Nagykarácsony
14,Nagykáta
9,Nagykereki
13,Nagykeresztúr
4,Nagykinizs
17,Nagykónyi
15,Nagykorpád
14,Nagykovácsi
1,Nagykozár
10,Nagykökényes
18,Nagykölked
14,Nagykőrös
11,Nagykörű
20,Nagykutas
6,Nagylak
20,Nagylengyel
13,Nagylóc
7,Nagylók
8,Nagylózs
6,Nagymágocs
17,Nagymányok
14,Nagymaros
18,Nagymizdó
1,Nagynyárád
13,Nagyoroszi
20,Nagypáli
1,Nagypall
1,Nagypeterd
19,Nagypirit
9,Nagyrábé
20,Nagyrada
18,Nagyrákos
20,Nagyrécse
10,Nagyréde
11,Nagyrév
4,Nagyrozvágy
12,Nagysáp
18,Nagysimonyi
15,Nagyszakácsi
17,Nagyszékely
16,Nagyszekeres
3,Nagyszénás
8,Nagyszentjános
17,Nagyszokoly
10,Nagytálya
14,Nagytarcsa
19,Nagytevel
18,Nagytilaj
1,Nagytótfalu
6,Nagytőke
10,Nagyút
16,Nagyvarsány
1,Nagyváty
19,Nagyvázsony
17,Nagyvejke
7,Nagyveleg
7,Nagyvenyim
10,Nagyvisnyó
17,Nak
16,Napkor
18,Nárai
18,Narda
12,Naszály
4,Négyes
4,Nekézseny
20,Nemesapáti
4,Nemesbikk
16,Nemesborzova
18,Nemesbőd
20,Nemesbük
18,Nemescsó
15,Nemesdéd
19,Nemesgörzsöny
19,Nemesgulács
19,Nemeshany
20,Nemeshetés
1,Nemeske
8,Nemeskér
18,Nemeskeresztúr
15,Nemeskisfalud
18,Nemeskocs
18,Nemeskolta
18,Nemesládony
18,Nemesmedves
2,Nemesnádudvar
20,Nemesnép
20,Nemespátró
20,Nemesrádó
18,Nemesrempehollós
20,Nemessándorháza
19,Nemesvámos
15,Nemesvid
19,Nemesvita
19,Nemesszalók
20,Nemesszentandrás
19,Németbánya
20,Németfalu
17,Németkér
13,Nemti
12,Neszmély
13,Nézsa
18,Nick
15,Nikla
13,Nógrád
13,Nógrádkövesd
13,Nógrádmarcal
13,Nógrádmegyer
13,Nógrádsáp
13,Nógrádsipek
13,Nógrádszakál
19,Nóráp
19,Noszlop
10,Noszvaj
20,Nova
10,Novaj
4,Novajidrány
13,Nőtincs
8,Nyalka
19,Nyárád
14,Nyáregyháza
2,Nyárlőrinc
14,Nyársapát
4,Nyékládháza
12,Nyergesújfalu
4,Nyésta
15,Nyim
9,Nyírábrány
9,Nyíracsád
19,Nyirád
9,Nyíradony
16,Nyírbátor
16,Nyírbéltek
16,Nyírbogát
16,Nyírbogdány
16,Nyírcsaholy
16,Nyírcsászári
16,Nyírderzs
16,Nyíregyháza
16,Nyírgelse
16,Nyírgyulaj
4,Nyíri
16,Nyíribrony
16,Nyírjákó
16,Nyírkarász
16,Nyírkáta
16,Nyírkércs
16,Nyírlövő
16,Nyírlugos
16,Nyírmada
9,Nyírmártonfalva
16,Nyírmeggyes
16,Nyírmihálydi
16,Nyírparasznya
16,Nyírpazony
16,Nyírpilis
16,Nyírtass
16,Nyírtelek
16,Nyírtét
16,Nyírtura
16,Nyírvasvári
4,Nyomár
18,Nyőgér
1,Nyugotszenterzsébet
8,Nyúl
1,Óbánya
7,Óbarok
19,Óbudavár
14,Ócsa
1,Ócsárd
1,Ófalu
16,Ófehértó
6,Óföldeák
20,Óhíd
3,Okány
1,Okorág
1,Okorvölgy
1,Olasz
18,Olaszfa
19,Olaszfalu
4,Olaszliszka
16,Olcsva
16,Olcsvaapáti
1,Old
18,Ólmod
20,Oltárc
4,Onga
4,Ónod
16,Ópályi
6,Ópusztaszer
20,Orbányosfa
15,Orci
15,Ordacsehi
2,Ordas
18,Orfalu
1,Orfű
2,Orgovány
20,Ormándlak
4,Ormosbánya
3,Orosháza
19,Oroszi
12,Oroszlány
1,Oroszló
20,Orosztony
20,Ortaháza
8,Osli
18,Ostffyasszonyfa
10,Ostoros
18,Oszkó
4,Oszlár
15,Osztopán
4,Ózd
1,Ózdfalu
20,Ozmánbük
17,Ozora
19,Öcs
17,Őcsény
11,Öcsöd
16,Ököritófülpös
18,Ölbő
16,Ömböly
16,Őr
14,Őrbottyán
2,Öregcsertő
15,Öreglak
13,Őrhalom
18,Őrimagyarósd
18,Őriszentpéter
14,Örkény
11,Örményes
3,Örménykút
15,Őrtilos
19,Örvényes
13,Ősagárd
19,Ősi
19,Öskü
8,Öttevény
6,Öttömös
15,Ötvöskónyi
4,Pácin
20,Pacsa
18,Pácsony
20,Padár
2,Páhi
20,Páka
20,Pakod
7,Pákozd
17,Paks
1,Palé
17,Pálfa
20,Pálfiszeg
4,Pálháza
8,Páli
1,Palkonya
15,Pálmajor
2,Pálmonostora
10,Pálosvörösmart
1,Palotabozsok
13,Palotás
19,Paloznak
4,Pamlény
15,Pamuk
14,Pánd
18,Pankasz
8,Pannonhalma
4,Pányok
16,Panyola
16,Pap
19,Pápa
19,Pápadereske
19,Pápakovácsi
19,Pápasalamon
19,Pápateszér
19,Papkeszi
18,Pápoc
16,Papos
1,Páprád
10,Parád
10,Parádsasvár
4,Parasznya
17,Pári
16,Paszab
13,Pásztó
8,Pásztori
20,Pat
13,Patak
15,Patalom
1,Patapoklosi
15,Patca
7,Pátka
15,Patosfa
16,Pátroha
13,Patvarc
14,Páty
16,Pátyod
7,Pázmánd
8,Pázmándfalu
14,Pécel
18,Pecöl
1,Pécs
1,Pécsbagota
1,Pécsdevecser
19,Pécsely
1,Pécsudvard
1,Pécsvárad
1,Pellérd
10,Pély
14,Penc
16,Penészlek
19,Pénzesgyőr
16,Penyige
8,Pér
14,Perbál
4,Pere
4,Perecse
1,Pereked
18,Perenye
18,Peresznye
8,Pereszteg
7,Perkáta
4,Perkupa
14,Perőcsény
1,Peterd
15,Péterhida
14,Péteri
10,Pétervására
19,Pétfürdő
20,Pethőhenye
16,Petneháza
10,Petőfibánya
2,Petőfiszállás
8,Petőháza
18,Petőmihályfa
20,Petrikeresztúr
20,Petrivente
1,Pettend
13,Piliny
14,Pilis
14,Pilisborosjenő
14,Piliscsaba
12,Piliscsév
14,Pilisjászfalu
12,Pilismarót
14,Pilisvörösvár
14,Pilisszántó
14,Pilisszentiván
14,Pilisszentkereszt
14,Pilisszentlászló
17,Pincehely
18,Pinkamindszent
8,Pinnye
16,Piricse
2,Pirtó
1,Piskó
6,Pitvaros
1,Pócsa
9,Pocsaj
14,Pócsmegyer
16,Pócspetri
1,Pogány
15,Pogányszentpéter
20,Pókaszepetk
15,Polány
9,Polgár
7,Polgárdi
14,Pomáz
16,Porcsalma
18,Pornóapáti
10,Poroszló
18,Porpác
15,Porrog
15,Porrogszentkirály
15,Porrogszentpál
20,Pórszombat
19,Porva
18,Pósfa
15,Potony
8,Potyond
20,Pölöske
20,Pölöskefő
17,Pörböly
20,Pördefölde
20,Pötréte
4,Prügy
19,Pula
20,Pusztaapáti
13,Pusztaberki
8,Pusztacsalád
18,Pusztacsó
16,Pusztadobos
20,Pusztaederics
4,Pusztafalu
3,Pusztaföldvár
17,Pusztahencse
15,Pusztakovácsi
20,Pusztamagyaród
6,Pusztamérges
19,Pusztamiske
11,Pusztamonostor
3,Pusztaottlaka
4,Pusztaradvány
7,Pusztaszabolcs
15,Pusztaszemes
20,Pusztaszentlászló
6,Pusztaszer
14,Pusztavacs
7,Pusztavám
14,Pusztazámor
4,Putnok
8,Püski
14,Püspökhatvan
9,Püspökladány
18,Püspökmolnári
14,Püspökszilágy
8,Rábacsanak
8,Rábacsécsény
18,Rábagyarmat
18,Rábahídvég
8,Rábakecöl
8,Rábapatona
18,Rábapaty
8,Rábapordány
8,Rábasebes
8,Rábaszentandrás
8,Rábaszentmihály
8,Rábaszentmiklós
8,Rábatamási
18,Rábatöttös
8,Rábcakapi
7,Rácalmás
7,Ráckeresztúr
14,Ráckeve
14,Rád
1,Rádfalva
18,Rádóckölked
4,Radostyán
4,Ragály
8,Rajka
4,Rakaca
4,Rakacaszend
16,Rakamaz
13,Rákóczibánya
11,Rákóczifalva
11,Rákócziújfalu
15,Ráksi
20,Ramocsa
16,Ramocsaháza
16,Rápolt
19,Raposka
4,Rásonysápberencs
4,Rátka
18,Rátót
8,Ravazd
10,Recsk
12,Réde
20,Rédics
4,Regéc
1,Regenye
17,Regöly
2,Rém
14,Remeteszőlős
4,Répáshuta
18,Répcelak
8,Répceszemere
18,Répceszentgyörgy
8,Répcevis
20,Resznek
8,Rétalap
16,Rétközberencs
13,Rétság
19,Révfülöp
4,Révleányvár
20,Rezi
4,Ricse
19,Rigács
20,Rigyác
13,Rimóc
15,Rinyabesenyő
15,Rinyakovácsi
15,Rinyaszentkirály
15,Rinyaújlak
15,Rinyaújnép
16,Rohod
8,Románd
13,Romhány
1,Romonya
1,Rózsafa
16,Rozsály
10,Rózsaszentmárton
8,Röjtökmuzsaj
18,Rönök
6,Röszke
4,Rudabánya
4,Rudolftelep
18,Rum
6,Ruzsa
13,Ságújfalu
15,Ságvár
4,Sajóbábony
4,Sajóecseg
4,Sajógalgóc
4,Sajóhídvég
4,Sajóivánka
4,Sajókápolna
4,Sajókaza
4,Sajókeresztúr
4,Sajólád
4,Sajólászlófalva
4,Sajómercse
4,Sajónémeti
4,Sajóörös
4,Sajópálfala
4,Sajópetri
4,Sajópüspöki
4,Sajósenye
4,Sajószentpéter
4,Sajószöged
4,Sajóvámos
4,Sajóvelezd
18,Sajtoskál
19,Salföld
13,Salgótarján
18,Salköveskút
20,Salomvár
4,Sály
1,Sámod
13,Sámsonháza
20,Sand
6,Sándorfalva
15,Sántos
9,Sáp
9,Sáránd
4,Sárazsadány
7,Sárbogárd
7,Sáregres
18,Sárfimizdó
20,Sárhida
12,Sárisáp
3,Sarkad
3,Sarkadkeresztúr
7,Sárkeresztes
7,Sárkeresztúr
7,Sárkeszi
20,Sármellék
1,Sárok
7,Sárosd
4,Sárospatak
17,Sárpilis
9,Sárrétudvari
8,Sarród
7,Sárszentágota
17,Sárszentlőrinc
7,Sárszentmihály
10,Sarud
18,Sárvár
1,Sásd
19,Sáska
4,Sáta
4,Sátoraljaújhely
1,Sátorhely
15,Sávoly
18,Sé
15,Segesd
4,Selyeb
1,Sellye
4,Semjén
20,Semjénháza
20,Sénye
16,Sényő
7,Seregélyes
4,Serényfalva
15,Sérsekszőlős
8,Sikátor
1,Siklós
1,Siklósbodony
1,Siklósnagyfalu
4,Sima
18,Simaság
15,Simonfa
17,Simontornya
17,Sióagárd
15,Siófok
15,Siójut
10,Sirok
18,Sitke
8,Sobor
8,Sokorópátka
2,Solt
2,Soltszentimre
2,Soltvadkert
19,Sóly
14,Solymár
15,Som
1,Somberek
19,Somlójenő
19,Somlószőlős
19,Somlóvásárhely
19,Somlóvecse
15,Somodor
15,Somogyacsa
1,Somogyapáti
15,Somogyaracs
15,Somogyaszaló
15,Somogybabod
15,Somogybükkösd
15,Somogycsicsó
15,Somogydöröcske
15,Somogyegres
15,Somogyfajsz
15,Somogygeszti
1,Somogyhárságy
1,Somogyhatvan
15,Somogyjád
15,Somogymeggyes
15,Somogysámson
15,Somogysárd
15,Somogysimonyi
15,Somogyszentpál
15,Somogyszil
15,Somogyszob
15,Somogytúr
15,Somogyudvarhely
15,Somogyvámos
15,Somogyvár
1,Somogyviszló
15,Somogyzsitfa
13,Somoskőújfalu
16,Sonkád
7,Soponya
8,Sopron
8,Sopronhorpács
8,Sopronkövesd
8,Sopronnémeti
18,Sorkifalud
18,Sorkikápolna
20,Sormás
18,Sorokpolány
13,Sóshartyán
14,Sóskút
4,Sóstófalva
1,Sósvertike
18,Sótony
20,Söjtör
18,Söpte
7,Söréd
7,Sukoró
1,Sumony
12,Súr
20,Surd
2,Sükösd
14,Sülysáp
19,Sümeg
20,Sümegcsehi
19,Sümegprága
12,Süttő
7,Szabadbattyán
7,Szabadegyháza
7,Szabadhídvég
15,Szabadi
3,Szabadkígyós
2,Szabadszállás
1,Szabadszentkirály
15,Szabás
16,Szabolcs
16,Szabolcsbáka
16,Szabolcsveresmart
14,Szada
1,Szágy
1,Szajk
10,Szajla
11,Szajol
4,Szakácsi
17,Szakadát
4,Szakáld
17,Szakály
17,Szakcs
2,Szakmár
18,Szaknyér
16,Szakoly
8,Szakony
18,Szakonyfalu
12,Szákszend
18,Szalafő
1,Szalánta
20,Szalapa
4,Szalaszend
1,Szalatnak
17,Szálka
2,Szalkszentmárton
13,Szalmatercs
4,Szalonna
16,Szamosangyalos
16,Szamosbecs
16,Szamoskér
16,Szamossályi
16,Szamostatárfalva
16,Szamosújlak
16,Szamosszeg
13,Szanda
2,Szank
15,Szántód
8,Szany
19,Szápár
1,Szaporca
7,Szár
1,Szárász
17,Szárazd
8,Szárföld
12,Szárliget
3,Szarvas
13,Szarvasgede
18,Szarvaskend
10,Szarvaskő
11,Szászberek
4,Szászfa
1,Szászvár
16,Szatmárcseke
13,Szátok
18,Szatta
6,Szatymaz
1,Szava
14,Százhalombatta
1,Szebény
13,Szécsénke
13,Szécsény
13,Szécsényfelfalu
20,Szécsisziget
1,Szederkény
17,Szedres
6,Szeged
15,Szegerdő
3,Szeghalom
4,Szegi
4,Szegilong
6,Szegvár
16,Székely
1,Székelyszabar
7,Székesfehérvár
6,Székkutas
17,Szekszárd
18,Szeleste
11,Szelevény
1,Szellő
1,Szemely
18,Szemenye
4,Szemere
13,Szendehely
4,Szendrő
4,Szendrőlád
15,Szenna
15,Szenta
19,Szentantalfa
15,Szentbalázs
19,Szentbékkálla
15,Szentborbás
1,Szentdénes
10,Szentdomonkos
13,Szente
1,Szentegát
14,Szentendre
6,Szentes
19,Szentgál
15,Szentgáloskér
18,Szentgotthárd
20,Szentgyörgyvár
20,Szentgyörgyvölgy
19,Szentimrefalva
4,Szentistván
4,Szentistvánbaksa
19,Szentjakabfa
1,Szentkatalin
2,Szentkirály
19,Szentkirályszabadja
20,Szentkozmadombja
1,Szentlászló
20,Szentliszló
1,Szentlőrinc
14,Szentlőrinckáta
20,Szentmargitfalva
14,Szentmártonkáta
18,Szentpéterfa
20,Szentpéterfölde
9,Szentpéterszeg
20,Szentpéterúr
15,Szenyér
20,Szepetnek
8,Szerecseny
2,Szeremle
4,Szerencs
9,Szerep
18,Szergény
14,Szigetbecse
14,Szigetcsép
14,Szigethalom
14,Szigetmonostor
14,Szigetszentmárton
14,Szigetszentmiklós
14,Szigetújfalu
1,Szigetvár
19,Szigliget
10,Szihalom
20,Szijártóháza
4,Szikszó
8,Szil
1,Szilágy
13,Szilaspogony
8,Szilsárkány
20,Szilvágy
1,Szilvás
10,Szilvásvárad
15,Szilvásszentmárton
4,Szin
4,Szinpetri
13,Szirák
4,Szirmabesenyő
14,Szob
14,Szokolya
15,Szólád
11,Szolnok
18,Szombathely
12,Szomód
4,Szomolya
12,Szomor
16,Szorgalmatos
15,Szorosad
19,Szőc
18,Szőce
14,Sződ
14,Sződliget
4,Szögliget
1,Szőke
1,Szőkéd
15,Szőkedencs
4,Szőlősardó
15,Szőlősgyörök
1,Szörény
10,Szúcs
13,Szuha
4,Szuhafő
4,Szuhakálló
4,Szuhogy
1,Szulimán
15,Szulok
13,Szurdokpüspöki
10,Szűcsi
13,Szügy
1,Szűr
15,Tab
7,Tabajd
2,Tabdi
14,Táborfalva
7,Tác
19,Tagyon
14,Tahitótfalu
19,Takácsi
16,Tákos
14,Taksony
4,Taktabáj
4,Taktaharkány
4,Taktakenéz
4,Taktaszada
19,Taliándörögd
4,Tállya
17,Tamási
18,Tanakajd
8,Táp
14,Tápióbicske
14,Tápiógyörgye
14,Tápióság
14,Tápiószecső
14,Tápiószele
14,Tápiószentmárton
14,Tápiószőlős
18,Táplánszentkereszt
19,Tapolca
15,Tapsony
8,Tápszentmiklós
13,Tar
15,Tarany
4,Tarcal
4,Tard
4,Tardona
12,Tardos
3,Tarhos
12,Tarján
8,Tarjánpuszta
12,Tárkány
10,Tarnabod
10,Tarnalelesz
10,Tarnaméra
10,Tarnaörs
10,Tarnaszentmária
10,Tarnaszentmiklós
10,Tarnazsadány
14,Tárnok
8,Tárnokréti
16,Tarpa
1,Tarrós
15,Táska
2,Tass
15,Taszár
12,Tát
12,Tata
12,Tatabánya
2,Tataháza
14,Tatárszentgyörgy
2,Tázlár
9,Téglás
20,Tekenye
1,Tékes
1,Teklafalu
18,Telekes
3,Telekgerendás
15,Teleki
14,Telki
4,Telkibánya
17,Tengelic
1,Tengeri
15,Tengőd
10,Tenk
8,Tényő
9,Tépe
16,Terem
13,Terény
13,Tereske
4,Teresztenye
10,Terpes
19,Tés
14,Tésa
1,Tésenfa
1,Téseny
20,Teskánd
8,Tét
9,Tetétlen
17,Tevel
4,Tibolddaróc
16,Tiborszállás
19,Tihany
15,Tikos
20,Tilaj
16,Timár
14,Tinnye
16,Tiszaadony
2,Tiszaalpár
4,Tiszabábolna
16,Tiszabecs
16,Tiszabercel
16,Tiszabezdéd
11,Tiszabő
11,Tiszabura
16,Tiszacsécse
9,Tiszacsege
4,Tiszacsermely
16,Tiszadada
11,Tiszaderzs
16,Tiszadob
4,Tiszadorogma
16,Tiszaeszlár
11,Tiszaföldvár
11,Tiszafüred
11,Tiszagyenda
9,Tiszagyulaháza
11,Tiszaigar
11,Tiszainoka
11,Tiszajenő
16,Tiszakanyár
4,Tiszakarád
2,Tiszakécske
16,Tiszakerecseny
4,Tiszakeszi
16,Tiszakóród
11,Tiszakürt
4,Tiszaladány
16,Tiszalök
4,Tiszalúc
16,Tiszamogyorós
16,Tiszanagyfalu
10,Tiszanána
11,Tiszaörs
4,Tiszapalkonya
11,Tiszapüspöki
16,Tiszarád
11,Tiszaroff
11,Tiszasas
11,Tiszasüly
16,Tiszaszalka
11,Tiszaszentimre
16,Tiszaszentmárton
6,Tiszasziget
11,Tiszaszőlős
4,Tiszatardos
4,Tiszatarján
16,Tiszatelek
11,Tiszatenyő
2,Tiszaug
4,Tiszaújváros
4,Tiszavalk
11,Tiszavárkony
16,Tiszavasvári
16,Tiszavid
16,Tisztaberek
16,Tivadar
14,Tóalmás
10,Tófalu
20,Tófej
1,Tófű
4,Tokaj
12,Tokod
12,Tokodaltáró
18,Tokorcs
4,Tolcsva
9,Told
13,Tolmács
17,Tolna
17,Tolnanémedi
11,Tomajmonostora
4,Tomor
2,Tompa
18,Tompaládony
7,Tordas
20,Tormafölde
1,Tormás
18,Tormásliget
4,Tornabarakony
4,Tornakápolna
4,Tornanádaska
4,Tornaszentandrás
4,Tornaszentjakab
20,Tornyiszentmiklós
4,Tornyosnémeti
16,Tornyospálca
18,Torony
15,Torvaj
11,Tószeg
3,Tótkomlós
1,Tótszentgyörgy
20,Tótszentmárton
20,Tótszerdahely
15,Tótújfalu
19,Tótvázsony
14,Tök
14,Tököl
8,Töltéstava
18,Tömörd
6,Tömörkény
14,Törökbálint
15,Törökkoppány
11,Törökszentmiklós
14,Törtel
1,Töttös
4,Trizs
16,Tunyogmatolcs
14,Tura
16,Túristvándi
11,Túrkeve
1,Túrony
16,Túrricse
16,Tuzsér
20,Türje
19,Tüskevár
16,Tyukod
1,Udvar
17,Udvari
19,Ugod
7,Újbarok
4,Újcsanálos
16,Újdombrád
16,Újfehértó
14,Újhartyán
9,Újiráz
17,Újireg
16,Újkenéz
8,Újkér
3,Újkígyós
14,Újlengyel
9,Újléta
10,Újlőrincfalva
1,Újpetre
8,Újrónafő
2,Újsolt
3,Újszalonta
11,Újszász
6,Újszentiván
9,Újszentmargita
14,Újszilvás
2,Újtelek
9,Újtikos
20,Újudvar
15,Újvárfalva
19,Ukk
8,Und
12,Úny
4,Uppony
16,Ura
18,Uraiújfalu
7,Úrhida
14,Úri
19,Úrkút
16,Uszka
2,Uszód
19,Uzsa
6,Üllés
14,Üllő
14,Üröm
14,Vác
14,Vácduka
14,Vácegres
14,Váchartyán
14,Váckisújfalu
14,Vácrátót
14,Vácszentlászló
4,Vadna
8,Vadosfa
8,Vág
4,Vágáshuta
16,Vaja
4,Vajdácska
1,Vajszló
7,Vajta
7,Vál
14,Valkó
20,Valkonya
16,Vállaj
20,Vállus
16,Vámosatya
18,Vámoscsalád
10,Vámosgyörk
14,Vámosmikola
16,Vámosoroszi
9,Vámospércs
4,Vámosújfalu
8,Vámosszabadi
9,Váncsod
13,Vanyarc
19,Vanyola
1,Várad
17,Váralja
15,Varászló
10,Váraszó
8,Várbalog
4,Varbó
4,Varbóc
15,Várda
17,Várdomb
20,Várfölde
1,Varga
12,Várgesztes
19,Várkesző
17,Várong
2,Városföld
19,Városlőd
19,Várpalota
17,Varsád
13,Varsány
20,Várvölgy
14,Vasad
18,Vasalja
1,Vásárosbéc
1,Vásárosdombó
8,Vásárosfalu
18,Vásárosmiske
16,Vásárosnamény
18,Vasasszonyfa
20,Vasboldogasszony
18,Vasegerszeg
18,Vashosszúfalu
18,Vaskeresztes
2,Vaskút
16,Vasmegyer
20,Vaspör
18,Vassurány
18,Vasvár
19,Vaszar
19,Vászoly
18,Vasszécseny
18,Vasszentmihály
18,Vasszilvágy
18,Vát
4,Vatta
1,Vázsnok
10,Vécs
14,Vecsés
3,Végegyháza
1,Vejti
1,Vékény
9,Vekerd
18,Velem
18,Velemér
7,Velence
1,Velény
1,Véménd
8,Vének
18,Vép
7,Vereb
14,Veresegyház
14,Verőce
10,Verpelét
14,Verseg
1,Versend
7,Vértesacsa
7,Vértesboglár
12,Vérteskethely
12,Vértessomló
12,Vértestolna
12,Vértesszőlős
15,Vése
8,Veszkény
19,Veszprém
19,Veszprémfajsz
19,Veszprémgalsa
8,Veszprémvarsány
3,Vésztő
11,Vezseny
19,Vid
19,Vigántpetend
1,Villány
1,Villánykövesd
4,Vilmány
19,Vilonya
4,Vilyvitány
19,Vinár
20,Vindornyafok
20,Vindornyalak
20,Vindornyaszőlős
14,Visegrád
15,Visnye
10,Visonta
4,Viss
15,Visz
18,Viszák
4,Viszló
10,Visznek
8,Vitnyéd
15,Vízvár
13,Vizslás
4,Vizsoly
1,Vokány
20,Vonyarcvashegy
20,Vöckönd
8,Völcsej
18,Vönöck
19,Vöröstó
15,Vörs
13,Zabar
1,Zádor
4,Zádorfalva
11,Zagyvarékas
10,Zagyvaszántó
16,Záhony
20,Zajk
16,Zajta
15,Zákány
15,Zákányfalu
6,Zákányszék
15,Zala
20,Zalaapáti
20,Zalabaksa
20,Zalabér
20,Zalaboldogfa
20,Zalacsány
20,Zalacséb
20,Zalaegerszeg
19,Zalaerdőd
19,Zalagyömörő
19,Zalahaláp
20,Zalaháshágy
20,Zalaigrice
20,Zalaistvánd
20,Zalakaros
20,Zalakomár
20,Zalaköveskút
20,Zalalövő
19,Zalameggyes
20,Zalamerenye
20,Zalasárszeg
20,Zalaszabar
20,Zalaszántó
19,Zalaszegvár
20,Zalaszentbalázs
20,Zalaszentgrót
20,Zalaszentgyörgy
20,Zalaszentiván
20,Zalaszentjakab
20,Zalaszentlászló
20,Zalaszentlőrinc
20,Zalaszentmárton
20,Zalaszentmihály
20,Zalaszombatfa
1,Zaláta
20,Zalatárnok
20,Zalaújlak
20,Zalavár
20,Zalavég
4,Zalkod
15,Zamárdi
7,Zámoly
19,Zánka
10,Zaránk
17,Závod
20,Zebecke
14,Zebegény
4,Zemplénagárd
1,Zengővárkony
7,Zichyújfalu
15,Zics
4,Ziliz
15,Zimány
19,Zirc
1,Zók
17,Zomba
4,Zubogy
3,Zsadány
9,Zsáka
14,Zsámbék
14,Zsámbok
2,Zsana
16,Zsarolyán
8,Zsebeháza
18,Zsédeny
15,Zselickisfalud
15,Zselickislak
15,Zselicszentpál
18,Zsennye
8,Zsira
6,Zsombó
4,Zsujta
16,Zsurk
