Aba,7
Abádszalók,11
Abaliget,1
Abasár,10
Abaújalpár,4
Abaújkér,4
Abaújlak,4
Abaújszántó,4
Abaújszolnok,4
Abaújvár,4
Abda,8
Abod,4
Abony,14
Ábrahámhegy,19
Ács,12
Acsa,14
Acsád,18
Acsalag,8
Ácsteszér,12
Adács,10
Ádánd,15
Adásztevel,19
Adony,7
Adorjánháza,19
Adorjás,1
Ág,1
Ágasegyháza,2
Ágfalva,8
Aggtelek,4
Agyagosszergény,8
Ajak,16
Ajka,19
Aka,12
Akasztó,2
Alacska,4
Alap,7
Alattyán,11
Albertirsa,14
Alcsútdoboz,7
Aldebrő,10
Algyő,6
Alibánfa,20
Almamellék,1
Almásfüzitő,12
Almásháza,20
Almáskamarás,3
Almáskeresztúr,1
Álmosd,9
Alsóberecki,4
Alsóbogát,15
Alsódobsza,4
Alsógagy,4
Alsómocsolád,1
Alsónána,17
Alsónémedi,14
Alsónemesapáti,20
Alsónyék,17
Alsóörs,19
Alsópáhok,20
Alsópetény,13
Alsórajk,20
Alsóregmec,4
Alsószenterzsébet,20
Alsószentiván,7
Alsószentmárton,1
Alsószölnök,18
Alsószuha,4
Alsótelekes,4
Alsótold,13
Alsóújlak,18
Alsóvadász,4
Alsózsolca,4
Ambrózfalva,6
Anarcs,16
Andocs,15
Andornaktálya,10
Andrásfa,18
Annavölgy,12
Apácatorna,19
Apagy,16
Apaj,14
Aparhant,17
Apátfalva,6
Apátistvánfalva,18
Apátvarasd,1
Apc,10
Áporka,14
Apostag,2
Aranyosapáti,16
Aranyosgadány,1
Arka,4
Arló,4
Arnót,4
Ároktő,4
Árpádhalom,6
Árpás,8
Ártánd,9
Ásotthalom,6
Ásványráró,8
Aszaló,4
Ászár,12
Aszód,14
Aszófő,19
Áta,1
Átány,10
Atkár,10
Attala,17
Babarc,1
Babarcszőlős,1
Babócsa,15
Bábolna,12
Bábonymegyer,15
Babosdöbréte,20
Babót,8
Bácsalmás,2
Bácsbokod,2
Bácsborsód,2
Bácsszentgyörgy,2
Bácsszőlős,2
Badacsonytomaj,19
Badacsonytördemic,19
Bag,14
Bagamér,9
Baglad,20
Bagod,20
Bágyogszovát,8
Baj,12
Baja,2
Bajánsenye,18
Bajna,12
Bajót,12
Bak,20
Bakháza,15
Bakóca,1
Bakonszeg,9
Bakonya,1
Bakonybánk,12
Bakonybél,19
Bakonycsernye,7
Bakonygyirót,8
Bakonyjákó,19
Bakonykoppány,19
Bakonykúti,7
Bakonynána,19
Bakonyoszlop,19
Bakonypéterd,8
Bakonypölöske,19
Bakonyság,19
Bakonysárkány,12
Bakonyszentiván,19
Bakonyszentkirály,19
Bakonyszentlászló,8
Bakonyszombathely,12
Bakonyszücs,19
Bakonytamási,19
Baks,6
Baksa,1
Baktakék,4
Baktalórántháza,16
Baktüttös,20
Balajt,4
Balassagyarmat,13
Balástya,6
Balaton,10
Balatonakali,19
Balatonakarattya,19
Balatonalmádi,19
Balatonberény,15
Balatonboglár,15
Balatoncsicsó,19
Balatonederics,19
Balatonendréd,15
Balatonfenyves,15
Balatonfőkajár,19
Balatonföldvár,15
Balatonfüred,19
Balatonfűzfő,19
Balatongyörök,20
Balatonhenye,19
Balatonkenese,19
Balatonkeresztúr,15
Balatonlelle,15
Balatonmagyaród,20
Balatonmáriafürdő,15
Balatonőszöd,15
Balatonrendes,19
Balatonszabadi,15
Balatonszárszó,15
Balatonszemes,15
Balatonszentgyörgy,15
Balatonszepezd,19
Balatonszőlős,19
Balatonudvari,19
Balatonújlak,15
Balatonvilágos,15
Balinka,7
Balkány,16
Ballószög,2
Balmazújváros,9
Balogunyom,18
Balotaszállás,2
Balsa,16
Bálványos,15
Bana,12
Bánd,19
Bánfa,1
Bánhorváti,4
Bánk,13
Bánokszentgyörgy,20
Bánréve,4
Bár,1
Barabás,16
Baracs,7
Baracska,7
Báránd,9
1hídvég,1
1jenő,1
1szentgyörgy,1
Barbacs,8
Barcs,15
Bárdudvarnok,15
Barlahida,20
Bárna,13
Barnag,19
Bársonyos,12
Basal,1
Baskó,4
Báta,17
Bátaapáti,17
Bátaszék,17
Baté,15
Bátmonostor,2
Bátonyterenye,13
Bátor,10
Bátorliget,16
Battonya,3
Bátya,2
Batyk,20
Bázakerettye,20
Bazsi,19
Béb,19
Becsehely,20
Becske,13
Becskeháza,4
Becsvölgye,20
Bedegkér,15
Bedő,9
Bejcgyertyános,18
Békás,19
Bekecs,4
Békés,3
Békéscsaba,3
Békéssámson,3
Békésszentandrás,3
Bekölce,10
Bélapátfalva,10
Bélavár,15
Belecska,17
Beled,8
Beleg,15
Belezna,20
Bélmegyer,3
Beloiannisz,7
Belsősárd,20
Belvárdgyula,1
Benk,16
Bénye,14
Bér,13
Bérbaltavár,18
Bercel,13
Beregdaróc,16
Beregsurány,16
Berekböszörmény,9
Berekfürdő,11
Beremend,1
Berente,4
Beret,4
Berettyóújfalu,9
Berhida,19
Berkenye,13
Berkesd,1
Berkesz,16
Bernecebaráti,14
Berzék,4
Berzence,15
Besence,1
Besenyőd,16
Besenyőtelek,10
Besenyszög,11
Besnyő,7
Beszterec,16
Bezedek,1
Bezenye,8
Bezeréd,20
Bezi,8
Biatorbágy,14
Bicsérd,1
Bicske,7
Bihardancsháza,9
Biharkeresztes,9
Biharnagybajom,9
Bihartorda,9
Biharugra,3
Bikács,17
Bikal,1
Biri,16
Birján,1
Bisse,1
Boba,18
Bocfölde,20
Boconád,10
Bócsa,2
Bocska,20
Bocskaikert,9
Boda,1
Bodajk,7
Bodmér,7
Bodolyabér,1
Bodonhely,8
Bodony,10
Bodorfa,19
Bodrog,15
Bodroghalom,4
Bodrogkeresztúr,4
Bodrogkisfalud,4
Bodrogolaszi,4
Bódvalenke,4
Bódvarákó,4
Bódvaszilas,4
Bogács,4
Bogád,1
Bogádmindszent,1
Bogdása,1
Bogyiszló,17
Bogyoszló,8
Bojt,9
Bókaháza,20
Bokod,12
Bokor,13
Boldog,10
Boldogasszonyfa,1
Boldogkőújfalu,4
Boldogkőváralja,4
Boldva,4
Bolhás,15
Bolhó,15
Bóly,1
Boncodfölde,20
Bonyhád,17
Bonyhádvarasd,17
Bonnya,15
Bordány,6
Borgáta,18
Borjád,1
Borota,2
Borsfa,20
Borsodbóta,4
Borsodgeszt,4
Borsodivánka,4
Borsodnádasd,4
Borsodszentgyörgy,4
Borsodszirák,4
Borsosberény,13
Borszörcsök,19
Borzavár,19
Bosta,1
Botpalád,16
Botykapeterd,1
Bozzai,18
Bozsok,18
Bózsva,4
Bő,18
Bőcs,4
Böde,20
Bödeháza,20
Bögöt,18
Bögöte,18
Böhönye,15
Bököny,16
Bölcske,17
Bőny,8
Börcs,8
Börzönce,20
Bősárkány,8
Bőszénfa,15
Bucsa,3
Bucsu,18
Búcsúszentlászló,20
Bucsuta,20
Budajenő,14
Budakalász,14
Budakeszi,14
Budaörs,14
Budapest,14
Bugac,2
Bugacpusztaháza,2
Bugyi,14
Buj,16
Buják,13
Buzsák,15
Bük,18
Bükkábrány,4
Bükkaranyos,4
Bükkmogyorósd,4
Bükkösd,1
Bükkszék,10
Bükkszenterzsébet,10
Bükkszentkereszt,4
Bükkszentmárton,10
Bükkzsérc,4
Bürüs,1
Büssü,15
Büttös,4
Cák,18
Cakóháza,8
Cece,7
Cégénydányád,16
Cegléd,14
Ceglédbercel,14
Celldömölk,18
Cered,13
Chernelházadamonya,18
Cibakháza,11
Cigánd,4
Cikó,17
Cirák,8
Cún,1
Csabacsűd,3
Csabaszabadi,3
Csabdi,7
Csabrendek,19
Csáfordjánosfa,8
Csaholc,16
Csajág,19
Csákány,15
Csákánydoroszló,18
Csákberény,7
Csákvár,7
Csanádalberti,6
Csanádapáca,3
Csanádpalota,6
Csánig,18
Csány,10
Csányoszró,1
Csanytelek,6
Csapi,20
Csapod,8
Csárdaszállás,3
Csarnóta,1
Csaroda,16
Császár,12
Császártöltés,2
Császló,16
Csátalja,2
Csatár,20
Csataszög,11
Csatka,12
Csávoly,2
Csebény,1
Csécse,13
Csegöld,16
Csehbánya,19
Csehi,18
Csehimindszent,18
Csém,12
Csemő,14
Csempeszkopács,18
Csengele,6
Csenger,16
Csengersima,16
Csengerújfalu,16
Csengőd,2
Csénye,18
Csenyéte,4
Csép,12
Csépa,11
Csepreg,18
Csér,8
Cserdi,1
Cserénfa,15
Cserépfalu,4
Cserépváralja,4
Cserháthaláp,13
Cserhátsurány,13
Cserhátszentiván,13
Cserkeszőlő,11
Cserkút,1
Csernely,4
Cserszegtomaj,20
Csertalakos,20
Csertő,1
Csesznek,19
Csesztreg,20
Csesztve,13
Csetény,19
Csévharaszt,14
Csibrák,17
Csikéria,2
Csikóstőttős,17
Csikvánd,8
Csincse,4
Csipkerek,18
Csitár,13
Csobád,4
Csobaj,4
Csobánka,14
Csókakő,7
Csokonyavisonta,15
Csokvaomány,4
Csolnok,12
Csólyospálos,2
Csoma,15
Csomád,14
Csombárd,15
Csongrád,6
Csonkahegyhát,20
Csonkamindszent,1
Csopak,19
Csór,7
Csorna,8
Csorvás,3
Csót,19
Csöde,20
Csögle,19
Csökmő,9
Csököly,15
Csömend,15
Csömödér,20
Csömör,14
Csönge,18
Csörnyeföld,20
Csörög,14
Csörötnek,18
Csősz,7
Csővár,14
Csurgó,15
Csurgónagymarton,15
Dabas,14
Dabronc,19
Dabrony,19
Dad,12
Dág,12
Dáka,19
Dalmand,17
Damak,4
Dámóc,4
Dánszentmiklós,14
Dány,14
Daraboshegy,18
Darány,15
Darnó,16
Darnózseli,8
Daruszentmiklós,7
Darvas,9
Dávod,2
Debercsény,13
Debrecen,9
Debréte,4
Decs,17
Dédestapolcsány,4
Dég,7
Dejtár,13
Délegyháza,14
Demecser,16
Demjén,10
Dencsháza,1
Dénesfa,8
Derecske,9
Derekegyház,6
Deszk,6
Detek,4
Detk,10
Dévaványa,3
Devecser,19
Dinnyeberki,1
Diósberény,17
Diósd,14
Diósjenő,13
Dióskál,20
Diósviszló,1
Doba,19
Doboz,3
Dobri,20
Dobronhegy,20
Dóc,6
Domaháza,4
Domaszék,6
Dombegyház,3
Dombiratos,3
Dombóvár,17
Dombrád,16
Domony,14
Domoszló,10
Dormánd,10
Dorog,12
Dorogháza,13
Dozmat,18
Döbörhegy,18
Döbröce,20
Döbrököz,17
Döbrönte,19
Döge,16
Dömös,12
Dömsöd,14
Dör,8
Dörgicse,19
Döröske,18
Dötk,20
Dövény,4
Drágszél,2
Drávacsehi,1
Drávacsepely,1
Drávafok,1
Drávagárdony,15
Drávaiványi,1
Drávakeresztúr,1
Drávapalkonya,1
Drávapiski,1
Drávaszabolcs,1
Drávaszerdahely,1
Drávasztára,1
Drávatamási,15
Drégelypalánk,13
Dubicsány,4
Dudar,19
Duka,18
Dunaalmás,12
Dunabogdány,14
Dunaegyháza,2
Dunafalva,2
Dunaföldvár,17
Dunaharaszti,14
Dunakeszi,14
Dunakiliti,8
Dunapataj,2
Dunaremete,8
Dunaszeg,8
Dunaszekcső,1
Dunaszentbenedek,2
Dunaszentgyörgy,17
Dunaszentmiklós,12
Dunaszentpál,8
Dunasziget,8
Dunatetétlen,2
Dunaújváros,7
Dunavarsány,14
Dunavecse,2
Dusnok,2
Dúzs,17
Ebergőc,8
Ebes,9
Écs,8
Ecséd,10
Ecseg,13
Ecsegfalva,3
Ecseny,15
Ecser,14
Edde,15
Edelény,4
Edve,8
Eger,10
Egerág,1
Egeralja,19
Egeraracsa,20
Egerbakta,10
Egerbocs,10
Egercsehi,10
Egerfarmos,10
Egerlövő,4
Egerszalók,10
Egerszólát,10
Égerszög,4
Egervár,20
Egervölgy,18
Egyed,8
Egyek,9
Egyházasdengeleg,13
Egyházasfalu,8
Egyházasgerge,13
Egyházasharaszti,1
Egyházashetye,18
Egyházashollós,18
Egyházaskesző,19
Egyházaskozár,1
Egyházasrádóc,18
Elek,3
Ellend,1
Előszállás,7
Emőd,4
Encs,4
Encsencs,16
Endrefalva,13
Endrőc,1
Enese,8
Enying,7
Eperjes,6
Eperjeske,16
Eplény,19
Epöl,12
Ercsi,7
Érd,14
Erdőbénye,4
Erdőhorváti,4
Erdőkertes,14
Erdőkövesd,10
Erdőkürt,13
Erdősmárok,1
Erdősmecske,1
Erdőtarcsa,13
Erdőtelek,10
Erk,10
Érpatak,16
Érsekcsanád,2
Érsekhalma,2
Érsekvadkert,13
Értény,17
Erzsébet,1
Esztár,9
Eszteregnye,20
Esztergályhorváti,20
Esztergom,12
Ete,12
Etes,13
Etyek,7
Fábiánháza,16
Fábiánsebestyén,6
Fácánkert,17
Fadd,17
Fáj,4
Fajsz,2
Fancsal,4
Farád,8
Farkasgyepű,19
Farkaslyuk,4
Farmos,14
Fazekasboda,1
Fedémes,10
Fegyvernek,11
Fehérgyarmat,16
Fehértó,8
Fehérvárcsurgó,7
Feked,1
Feketeerdő,8
Felcsút,7
Feldebrő,10
Felgyő,6
Felpéc,8
Felsőberecki,4
Felsőcsatár,18
Felsődobsza,4
Felsőegerszeg,1
Felsőgagy,4
Felsőjánosfa,18
Felsőkelecsény,4
Felsőlajos,2
Felsőmarác,18
Felsőmocsolád,15
Felsőnána,17
Felsőnyárád,4
Felsőnyék,17
Felsőörs,19
Felsőpáhok,20
Felsőpakony,14
Felsőpetény,13
Felsőrajk,20
Felsőregmec,4
Felsőszenterzsébet,20
Felsőszentiván,2
Felsőszentmárton,1
Felsőszölnök,18
Felsőtárkány,10
Felsőtelekes,4
Felsőtold,13
Felsővadász,4
Felsőzsolca,4
Fényeslitke,16
Fenyőfő,8
Ferencszállás,6
Fertőboz,8
Fertőd,8
Fertőendréd,8
Fertőhomok,8
Fertőrákos,8
Fertőszentmiklós,8
Fertőszéplak,8
Fiad,15
Filkeháza,4
Fityeház,20
Foktő,2
Folyás,9
Fonó,15
Fony,4
Fonyód,15
Forráskút,6
Forró,4
Fót,14
Földeák,6
Földes,9
Főnyed,15
Fulókércs,4
Furta,9
Füle,7
Fülesd,16
Fülöp,9
Fülöpháza,2
Fülöpjakab,2
Fülöpszállás,2
Fülpösdaróc,16
Fürged,17
Füzér,4
Füzérkajata,4
Füzérkomlós,4
Füzérradvány,4
Füzesabony,10
Füzesgyarmat,3
Fűzvölgy,20
Gáborján,9
Gáborjánháza,20
Gacsály,16
Gadács,15
Gadány,15
Gadna,4
Gádoros,3
Gagyapáti,4
Gagybátor,4
Gagyvendégi,4
Galambok,20
Galgaguta,13
Galgagyörk,14
Galgahévíz,14
Galgamácsa,14
Gálosfa,15
Galvács,4
Gamás,15
Ganna,19
Gánt,7
Gara,2
Garáb,13
Garabonc,20
Garadna,4
Garbolc,16
Gárdony,7
Garé,1
Gasztony,18
Gátér,2
Gávavencsellő,16
Géberjén,16
Gecse,19
Géderlak,2
Gégény,16
Gelej,4
Gelénes,16
Gellénháza,20
Gelse,20
Gelsesziget,20
Gemzse,16
Gencsapáti,18
Gérce,18
Gerde,1
Gerendás,3
Gerényes,1
Geresdlak,1
Gerjen,17
Gersekarát,18
Geszt,3
Gesztely,4
Geszteréd,16
Gétye,20
Gibárt,4
Gic,19
Gige,15
Gilvánfa,1
Girincs,4
Gógánfa,19
Golop,4
Gomba,14
Gombosszeg,20
Gór,18
Gordisa,1
Gosztola,20
Göd,14
Gödöllő,14
Gödre,1
Gölle,15
Gömörszőlős,4
Gönc,4
Göncruszka,4
Gönyű,8
Görbeháza,9
Görcsöny,1
Görcsönydoboka,1
Görgeteg,15
Gősfa,20
Grábóc,17
Gulács,16
Gutorfölde,20
Gyál,14
Gyalóka,8
Gyanógeregye,18
Gyarmat,8
Gyékényes,15
Gyenesdiás,20
Gyepükaján,19
Gyermely,12
Gyód,1
Gyomaendrőd,3
Gyóró,8
Gyömöre,8
Gyömrő,14
Gyöngyfa,1
Gyöngyös,10
Gyöngyösfalu,18
Gyöngyöshalász,10
Gyöngyösmellék,1
Gyöngyösoroszi,10
Gyöngyöspata,10
Gyöngyössolymos,10
Gyöngyöstarján,10
Gyönk,17
Győr,8
Győrasszonyfa,8
Györe,17
Györgytarló,4
Györköny,17
Győrladamér,8
Győröcske,16
Győrság,8
Győrsövényház,8
Győrszemere,8
Győrtelek,16
Győrújbarát,8
Győrújfalu,8
Győrvár,18
Győrzámoly,8
Gyugy,15
Gyula,3
Gyulaháza,16
Gyulaj,17
Gyulakeszi,19
Gyúró,7
Gyügye,16
Gyüre,16
Gyűrűs,20
Hács,15
Hagyárosbörönd,20
Hahót,20
Hajdúbagos,9
Hajdúböszörmény,9
Hajdúdorog,9
Hajdúhadház,9
Hajdúnánás,9
Hajdúsámson,9
Hajdúszoboszló,9
Hajdúszovát,9
Hajmás,15
Hajmáskér,19
Hajós,2
Halastó,18
Halászi,8
Halásztelek,14
Halimba,19
Halmaj,4
Halmajugra,10
Halogy,18
Hangács,4
Hangony,4
Hantos,7
Harasztifalu,18
Harc,17
Harka,8
Harkakötöny,2
Harkány,1
Háromfa,15
Háromhuta,4
Harsány,4
Hárskút,19
Harta,2
Hásságy,1
Hatvan,10
Hédervár,8
Hedrehely,15
Hegyesd,19
Hegyeshalom,8
Hegyfalu,18
Hegyháthodász,18
Hegyhátmaróc,1
Hegyhátsál,18
Hegyhátszentjakab,18
Hegyhátszentmárton,18
Hegyhátszentpéter,18
Hegykő,8
Hegymagas,19
Hegymeg,4
Hegyszentmárton,1
Héhalom,13
Hejce,4
Hejőbába,4
Hejőkeresztúr,4
Hejőkürt,4
Hejőpapi,4
Hejőszalonta,4
Helesfa,1
Helvécia,2
Hencida,9
Hencse,15
Herceghalom,14
Hercegkút,4
Hercegszántó,2
Heréd,10
Héreg,12
Herencsény,13
Herend,19
Heresznye,15
Hermánszeg,16
Hernád,14
Hernádbűd,4
Hernádcéce,4
Hernádkak,4
Hernádkércs,4
Hernádnémeti,4
Hernádpetri,4
Hernádszentandrás,4
Hernádszurdok,4
Hernádvécse,4
Hernyék,20
Hét,4
Hetefejércse,16
Hetes,15
Hetvehely,1
Hetyefő,19
Heves,10
Hevesaranyos,10
Hevesvezekény,10
Hévíz,20
Hévízgyörk,14
Hidas,1
Hidasnémeti,4
Hidegkút,19
Hidegség,8
Hidvégardó,4
Himesháza,1
Himod,8
Hirics,1
Hobol,1
Hodász,16
Hódmezővásárhely,6
Hollád,15
Hollóháza,4
Hollókő,13
Homokbödöge,19
Homokkomárom,20
Homokmégy,2
Homokszentgyörgy,15
Homorúd,1
Homrogd,4
Hont,13
Horpács,13
Hort,10
Hortobágy,9
Horváthertelend,1
Horvátlövő,18
Horvátzsidány,18
Hosszúhetény,1
Hosszúpályi,9
Hosszúpereszteg,18
Hosszúvíz,15
Hosszúvölgy,20
Hosztót,19
Hottó,20
Hőgyész,17
Hövej,8
Hugyag,13
Hunya,3
Hunyadfalva,11
Husztót,1
Ibafa,1
Iborfia,20
Ibrány,16
Igal,15
Igar,7
Igrici,4
Iharos,15
Iharosberény,15
Ikervár,18
Iklad,14
Iklanberény,18
Iklódbördőce,20
Ikrény,8
Iliny,13
Ilk,16
Illocska,1
Imola,4
Imrehegy,2
Ináncs,4
Inárcs,14
Inke,15
Ipacsfa,1
Ipolydamásd,14
Ipolyszög,13
Ipolytarnóc,13
Ipolytölgyes,14
Ipolyvece,13
Iregszemcse,17
Irota,4
Isaszeg,14
Ispánk,18
Istenmezeje,10
Istvándi,15
Iszkaszentgyörgy,7
Iszkáz,19
Isztimér,7
Ivád,10
Iván,8
Ivánbattyán,1
Ivánc,18
Iváncsa,7
Ivándárda,1
Izmény,17
Izsák,2
Izsófalva,4
Jágónak,17
Ják,18
Jakabszállás,2
Jákfa,18
Jákfalva,4
Jákó,15
Jánd,16
Jánkmajtis,16
Jánoshalma,2
Jánosháza,18
Jánoshida,11
Jánossomorja,8
Járdánháza,4
Jármi,16
Jásd,19
Jászágó,11
Jászalsószentgyörgy,11
Jászapáti,11
Jászárokszállás,11
Jászberény,11
Jászboldogháza,11
Jászdózsa,11
Jászfelsőszentgyörgy,11
Jászfényszaru,11
Jászivány,11
Jászjákóhalma,11
Jászkarajenő,14
Jászkisér,11
Jászladány,11
Jászszentandrás,11
Jászszentlászló,2
Jásztelek,11
Jéke,16
Jenő,7
Jobaháza,8
Jobbágyi,13
Jósvafő,4
Juta,15
Kaba,9
Kacorlak,20
Kács,4
Kacsóta,1
Kadarkút,15
Kajárpéc,8
Kajászó,7
Kajdacs,17
Kakasd,17
Kákics,1
Kakucs,14
Kál,10
Kalaznó,17
Káld,18
Kálló,13
Kallósd,20
Kállósemjén,16
Kálmáncsa,15
Kálmánháza,16
Kálócfa,20
Kalocsa,2
Káloz,7
Kám,18
Kamond,19
Kamut,3
Kánó,4
Kántorjánosi,16
Kány,4
Kánya,15
Kányavár,20
Kapolcs,19
Kápolna,10
Kápolnásnyék,7
Kapoly,15
Kaposfő,15
Kaposgyarmat,15
Kaposhomok,15
Kaposkeresztúr,15
Kaposmérő,15
Kapospula,17
Kaposújlak,15
Kaposvár,15
Kaposszekcső,17
Kaposszerdahely,15
Káptalanfa,19
Káptalantóti,19
Kapuvár,8
Kára,15
Karácsond,10
Karád,15
Karakó,18
Karakószörcsök,19
Karancsalja,13
Karancsberény,13
Karancskeszi,13
Karancslapujtő,13
Karancsság,13
Kárász,1
Karcag,11
Karcsa,4
Kardos,3
Kardoskút,3
Karmacs,20
Károlyháza,8
Karos,4
Kartal,14
Kásád,1
Kaskantyú,2
Kastélyosdombó,15
Kaszaper,3
Kaszó,15
Katádfa,1
Katafa,18
Kátoly,1
Katymár,2
Káva,14
Kávás,20
Kazár,13
Kazincbarcika,4
Kázsmárk,4
Kazsok,15
Kecel,2
Kecskéd,12
Kecskemét,2
Kehidakustány,20
Kék,16
Kékcse,16
Kéked,4
Kékesd,1
Kékkút,19
Kelebia,2
Keléd,18
Kelemér,4
Kéleshalom,2
Kelevíz,15
Kemecse,16
Kemence,14
Kemendollár,20
Kemeneshőgyész,19
Kemeneskápolna,18
Kemenesmagasi,18
Kemenesmihályfa,18
Kemenespálfa,18
Kemenessömjén,18
Kemenesszentmárton,18
Kemenesszentpéter,19
Keménfa,20
Kémes,1
Kemestaródfa,18
Kemse,1
Kenderes,11
Kenéz,18
Kenézlő,4
Kengyel,11
Kenyeri,18
Kercaszomor,18
Kercseliget,15
Kerecsend,10
Kerecseny,20
Kerekegyháza,2
Kerekharaszt,10
Kereki,15
Kerékteleki,12
Kerepes,14
Keresztéte,4
Kerkabarabás,20
Kerkafalva,20
Kerkakutas,20
Kerkáskápolna,18
Kerkaszentkirály,20
Kerkateskánd,20
Kérsemjén,16
Kerta,19
Kertészsziget,3
Keszeg,13
Kesznyéten,4
Keszőhidegkút,17
Keszthely,20
Kesztölc,12
Keszü,1
Kétbodony,13
Kétegyháza,3
Kéthely,15
Kétpó,11
Kétsoprony,3
Kétújfalu,1
Kétvölgy,18
Kéty,17
Kevermes,3
Kilimán,20
Kimle,8
Kincsesbánya,7
Királd,4
Királyegyháza,1
Királyhegyes,6
Királyszentistván,19
Kisapáti,19
Kisapostag,7
Kisar,16
Kisasszond,15
Kisasszonyfa,1
Kisbabot,8
Kisbágyon,13
Kisbajcs,8
Kisbajom,15
Kisbárapáti,15
Kisbárkány,13
Kisbér,12
Kisberény,15
Kisberzseny,19
Kisbeszterce,1
Kisbodak,8
Kisbucsa,20
Kisbudmér,1
Kiscsécs,4
Kiscsehi,20
Kiscsősz,19
Kisdér,1
Kisdobsza,1
Kisdombegyház,3
Kisdorog,17
Kisecset,13
Kisfalud,8
Kisfüzes,10
Kisgörbő,20
Kisgyalán,15
Kisgyőr,4
Kishajmás,1
Kisharsány,1
Kishartyán,13
Kisherend,1
Kishódos,16
Kishuta,4
Kisigmánd,12
Kisjakabfalva,1
Kiskassa,1
Kiskinizs,4
Kiskorpád,15
Kisköre,10
Kiskőrös,2
Kiskunfélegyháza,2
Kiskunhalas,2
Kiskunlacháza,14
Kiskunmajsa,2
Kiskutas,20
Kisláng,7
Kisléta,16
Kislippó,1
Kislőd,19
Kismányok,17
Kismarja,9
Kismaros,14
Kisnamény,16
Kisnána,10
Kisnémedi,14
Kisnyárád,1
Kisoroszi,14
Kispalád,16
Kispáli,20
Kispirit,19
Kisrákos,18
Kisrécse,20
Kisrozvágy,4
Kissikátor,4
Kissomlyó,18
Kistamási,1
Kistapolca,1
Kistarcsa,14
Kistelek,6
Kistokaj,4
Kistolmács,20
Kistormás,17
Kistótfalu,1
Kisújszállás,11
Kisunyom,18
Kisvárda,16
Kisvarsány,16
Kisvásárhely,20
Kisvaszar,1
Kisvejke,17
Kiszombor,6
Kiszsidány,18
Kisszállás,2
Kisszékely,17
Kisszekeres,16
Kisszentmárton,1
Kissziget,20
Kisszőlős,19
Klárafalva,6
Kocs,12
Kocsér,14
Kocsola,17
Kocsord,16
Kóka,14
Kokad,9
Kolontár,19
Komádi,9
Komárom,12
Komjáti,4
Komló,1
Komlódtótfalu,16
Komlósd,15
Komlóska,4
Komoró,16
Kompolt,10
Kondó,4
Kondorfa,18
Kondoros,3
Kóny,8
Konyár,9
Kópháza,8
Koppányszántó,17
Korlát,4
Koroncó,8
Kórós,1
Kosd,14
Kóspallag,14
Kótaj,16
Kovácshida,1
Kovácsszénája,1
Kovácsvágás,4
Kozárd,13
Kozármisleny,1
Kozmadombja,20
Köblény,1
Köcsk,18
Kökény,1
Kőkút,15
Kölcse,16
Kölesd,17
Kölked,1
Kömlő,10
Kömlőd,12
Kömörő,16
Kömpöc,2
Körmend,18
Környe,12
Köröm,4
Kőröshegy,15
Körösladány,3
Körösnagyharsány,3
Köröstarcsa,3
Kőröstetétlen,14
Körösújfalu,3
Körösszakál,9
Körösszegapáti,9
Kőszárhegy,7
Kőszeg,18
Kőszegdoroszló,18
Kőszegpaty,18
Kőszegszerdahely,18
Kötcse,15
Kötegyán,3
Kőtelek,11
Kővágóörs,19
Kővágószőlős,1
Kővágótöttös,1
Kövegy,6
Köveskál,19
Krasznokvajda,4
Kulcs,7
Kunadacs,2
Kunágota,3
Kunbaja,2
Kunbaracs,2
Kuncsorba,11
Kunfehértó,2
Kunhegyes,11
Kunmadaras,11
Kunpeszér,2
Kunszállás,2
Kunszentmárton,11
Kunszentmiklós,2
Kunsziget,8
Kup,19
Kupa,4
Kurd,17
Kurityán,4
Kustánszeg,20
Kutas,15
Kutasó,13
Kübekháza,6
Külsősárd,20
Külsővat,19
Küngös,19
Lábatlan,12
Lábod,15
Lácacséke,4
Lad,15
Ladánybene,2
Ládbesenyő,4
Lajoskomárom,7
Lajosmizse,2
Lak,4
Lakhegy,20
Lakitelek,2
Lakócsa,15
Lánycsók,1
Lápafő,17
Lapáncsa,1
Laskod,16
Lasztonya,20
Látrány,15
Lázi,8
Leányfalu,14
Leányvár,12
Lébény,8
Legénd,13
Legyesbénye,4
Léh,4
Lénárddaróc,4
Lendvadedes,20
Lendvajakabfa,20
Lengyel,17
Lengyeltóti,15
Lenti,20
Lepsény,7
Lesencefalu,19
Lesenceistvánd,19
Lesencetomaj,19
Létavértes,9
Letenye,20
Letkés,14
Levél,8
Levelek,16
Libickozma,15
Lickóvadamos,20
Liget,1
Ligetfalva,20
Lipót,8
Lippó,1
Liptód,1
Lispeszentadorján,20
Liszó,20
Litér,19
Litka,4
Litke,13
Lócs,18
Lókút,19
Lónya,16
Lórév,14
Lothárd,1
Lovas,19
Lovasberény,7
Lovászhetény,1
Lovászi,20
Lovászpatona,19
Lőkösháza,3
Lőrinci,10
Lövő,8
Lövőpetri,16
Lucfalva,13
Ludányhalászi,13
Ludas,10
Lukácsháza,18
Lulla,15
Lúzsok,1
Mád,4
Madaras,2
Madocsa,17
Maglóca,8
Maglód,14
Mágocs,1
Magosliget,16
Magy,16
Magyaralmás,7
Magyaratád,15
Magyarbánhegyes,3
Magyarbóly,1
Magyarcsanád,6
Magyardombegyház,3
Magyaregregy,1
Magyaregres,15
Magyarföld,20
Magyargéc,13
Magyargencs,19
Magyarhertelend,1
Magyarhomorog,9
Magyarkeresztúr,8
Magyarkeszi,17
Magyarlak,18
Magyarlukafa,1
Magyarmecske,1
Magyarnádalja,18
Magyarnándor,13
Magyarpolány,19
Magyarsarlós,1
Magyarszecsőd,18
Magyarszék,1
Magyarszentmiklós,20
Magyarszerdahely,20
Magyarszombatfa,18
Magyartelek,1
Majosháza,14
Majs,1
Makád,14
Makkoshotyka,4
Maklár,10
Makó,6
Malomsok,19
Mályi,4
Mályinka,4
Mánd,16
Mándok,16
Mánfa,1
Mány,7
Maráza,1
Marcalgergelyi,19
Marcali,15
Marcaltő,19
Márfa,1
Máriahalom,12
Máriakálnok,8
Máriakéménd,1
Márianosztra,14
Máriapócs,16
Markaz,10
Márkháza,13
Márkó,19
Markóc,1
Markotabödöge,8
Maróc,20
Marócsa,1
Márok,1
Márokföld,20
Márokpapi,16
Maroslele,6
Mártély,6
Martfű,11
Martonfa,1
Martonvásár,7
Martonyi,4
Mátészalka,16
Mátételke,2
Mátraballa,10
Mátraderecske,10
Mátramindszent,13
Mátranovák,13
Mátraszele,13
Mátraszentimre,10
Mátraszőlős,13
Mátraterenye,13
Mátraverebély,13
Mátyásdomb,7
Matty,1
Mátyus,16
Máza,1
Mecseknádasd,1
Mecsekpölöske,1
Mecsér,8
Medgyesbodzás,3
Medgyesegyháza,3
Medina,17
Megyaszó,4
Megyehíd,18
Megyer,19
Meggyeskovácsi,18
Méhkerék,3
Méhtelek,16
Mekényes,1
Mélykút,2
Mencshely,19
Mende,14
Méra,4
Merenye,1
Mérges,8
Mérk,16
Mernye,15
Mersevát,18
Mesterháza,18
Mesteri,18
Mesterszállás,11
Meszes,4
Meszlen,18
Mesztegnyő,15
Mezőberény,3
Mezőcsát,4
Mezőcsokonya,15
Meződ,1
Mezőfalva,7
Mezőgyán,3
Mezőhegyes,3
Mezőhék,11
Mezőkeresztes,4
Mezőkomárom,7
Mezőkovácsháza,3
Mezőkövesd,4
Mezőladány,16
Mezőlak,19
Mezőnagymihály,4
Mezőnyárád,4
Mezőörs,8
Mezőpeterd,9
Mezősas,9
Mezőszemere,10
Mezőszentgyörgy,7
Mezőszilas,7
Mezőtárkány,10
Mezőtúr,11
Mezőzombor,4
Miháld,20
Mihályfa,20
Mihálygerge,13
Mihályháza,19
Mihályi,8
Mike,15
Mikebuda,14
Mikekarácsonyfa,20
Mikepércs,9
Miklósi,15
Mikófalva,10
Mikóháza,4
Mikosszéplak,18
Milejszeg,20
Milota,16
Mindszent,6
Mindszentgodisa,1
Mindszentkálla,19
Misefa,20
Miske,2
Miskolc,4
Miszla,17
Mocsa,12
Mogyoród,14
Mogyorósbánya,12
Mogyoróska,4
Moha,7
Mohács,1
Mohora,13
Molnári,20
Molnaszecsőd,18
Molvány,1
Monaj,4
Monok,4
Monor,14
Monorierdő,14
Mónosbél,10
Monostorapáti,19
Monostorpályi,9
Monoszló,19
Monyoród,1
Mór,7
Mórágy,17
Mórahalom,6
Móricgát,2
Mórichida,8
Mosdós,15
Mosonmagyaróvár,8
Mosonszentmiklós,8
Mosonszolnok,8
Mosonudvar,8
Mozsgó,1
Mőcsény,17
Mucsfa,17
Mucsi,17
Múcsony,4
Muhi,4
Murakeresztúr,20
Murarátka,20
Muraszemenye,20
Murga,17
Murony,3
Nábrád,16
Nadap,7
Nádasd,18
Nádasdladány,7
Nádudvar,9
Nágocs,15
Nagyacsád,19
Nagyalásony,19
Nagyar,16
Nagyatád,15
Nagybajcs,8
Nagybajom,15
Nagybakónak,20
Nagybánhegyes,3
Nagybaracska,2
Nagybarca,4
Nagybárkány,13
Nagyberény,15
Nagyberki,15
Nagybörzsöny,14
Nagybudmér,1
Nagycenk,8
Nagycsány,1
Nagycsécs,4
Nagycsepely,15
Nagycserkesz,16
Nagydém,19
Nagydobos,16
Nagydobsza,1
Nagydorog,17
Nagyecsed,16
Nagyér,6
Nagyesztergár,19
Nagyfüged,10
Nagygeresd,18
Nagygörbő,20
Nagygyimót,19
Nagyhajmás,1
Nagyhalász,16
Nagyharsány,1
Nagyhegyes,9
Nagyhódos,16
Nagyhuta,4
Nagyigmánd,12
Nagyiván,11
Nagykálló,16
Nagykamarás,3
Nagykanizsa,20
Nagykapornak,20
Nagykarácsony,7
Nagykáta,14
Nagykereki,9
Nagykeresztúr,13
Nagykinizs,4
Nagykónyi,17
Nagykorpád,15
Nagykovácsi,14
Nagykozár,1
Nagykökényes,10
Nagykölked,18
Nagykőrös,14
Nagykörű,11
Nagykutas,20
Nagylak,6
Nagylengyel,20
Nagylóc,13
Nagylók,7
Nagylózs,8
Nagymágocs,6
Nagymányok,17
Nagymaros,14
Nagymizdó,18
Nagynyárád,1
Nagyoroszi,13
Nagypáli,20
Nagypall,1
Nagypeterd,1
Nagypirit,19
Nagyrábé,9
Nagyrada,20
Nagyrákos,18
Nagyrécse,20
Nagyréde,10
Nagyrév,11
Nagyrozvágy,4
Nagysáp,12
Nagysimonyi,18
Nagyszakácsi,15
Nagyszékely,17
Nagyszekeres,16
Nagyszénás,3
Nagyszentjános,8
Nagyszokoly,17
Nagytálya,10
Nagytarcsa,14
Nagytevel,19
Nagytilaj,18
Nagytótfalu,1
Nagytőke,6
Nagyút,10
Nagyvarsány,16
Nagyváty,1
Nagyvázsony,19
Nagyvejke,17
Nagyveleg,7
Nagyvenyim,7
Nagyvisnyó,10
Nak,17
Napkor,16
Nárai,18
Narda,18
Naszály,12
Négyes,4
Nekézseny,4
Nemesapáti,20
Nemesbikk,4
Nemesborzova,16
Nemesbőd,18
Nemesbük,20
Nemescsó,18
Nemesdéd,15
Nemesgörzsöny,19
Nemesgulács,19
Nemeshany,19
Nemeshetés,20
Nemeske,1
Nemeskér,8
Nemeskeresztúr,18
Nemeskisfalud,15
Nemeskocs,18
Nemeskolta,18
Nemesládony,18
Nemesmedves,18
Nemesnádudvar,2
Nemesnép,20
Nemespátró,20
Nemesrádó,20
Nemesrempehollós,18
Nemessándorháza,20
Nemesvámos,19
Nemesvid,15
Nemesvita,19
Nemesszalók,19
Nemesszentandrás,20
Németbánya,19
Németfalu,20
Németkér,17
Nemti,13
Neszmély,12
Nézsa,13
Nick,18
Nikla,15
Nógrád,13
Nógrádkövesd,13
Nógrádmarcal,13
Nógrádmegyer,13
Nógrádsáp,13
Nógrádsipek,13
Nógrádszakál,13
Nóráp,19
Noszlop,19
Noszvaj,10
Nova,20
Novaj,10
Novajidrány,4
Nőtincs,13
Nyalka,8
Nyárád,19
Nyáregyháza,14
Nyárlőrinc,2
Nyársapát,14
Nyékládháza,4
Nyergesújfalu,12
Nyésta,4
Nyim,15
Nyírábrány,9
Nyíracsád,9
Nyirád,19
Nyíradony,9
Nyírbátor,16
Nyírbéltek,16
Nyírbogát,16
Nyírbogdány,16
Nyírcsaholy,16
Nyírcsászári,16
Nyírderzs,16
Nyíregyháza,16
Nyírgelse,16
Nyírgyulaj,16
Nyíri,4
Nyíribrony,16
Nyírjákó,16
Nyírkarász,16
Nyírkáta,16
Nyírkércs,16
Nyírlövő,16
Nyírlugos,16
Nyírmada,16
Nyírmártonfalva,9
Nyírmeggyes,16
Nyírmihálydi,16
Nyírparasznya,16
Nyírpazony,16
Nyírpilis,16
Nyírtass,16
Nyírtelek,16
Nyírtét,16
Nyírtura,16
Nyírvasvári,16
Nyomár,4
Nyőgér,18
Nyugotszenterzsébet,1
Nyúl,8
Óbánya,1
Óbarok,7
Óbudavár,19
Ócsa,14
Ócsárd,1
Ófalu,1
Ófehértó,16
Óföldeák,6
Óhíd,20
Okány,3
Okorág,1
Okorvölgy,1
Olasz,1
Olaszfa,18
Olaszfalu,19
Olaszliszka,4
Olcsva,16
Olcsvaapáti,16
Old,1
Ólmod,18
Oltárc,20
Onga,4
Ónod,4
Ópályi,16
Ópusztaszer,6
Orbányosfa,20
Orci,15
Ordacsehi,15
Ordas,2
Orfalu,18
Orfű,1
Orgovány,2
Ormándlak,20
Ormosbánya,4
Orosháza,3
Oroszi,19
Oroszlány,12
Oroszló,1
Orosztony,20
Ortaháza,20
Osli,8
Ostffyasszonyfa,18
Ostoros,10
Oszkó,18
Oszlár,4
Osztopán,15
Ózd,4
Ózdfalu,1
Ozmánbük,20
Ozora,17
Öcs,19
Őcsény,17
Öcsöd,11
Ököritófülpös,16
Ölbő,18
Ömböly,16
Őr,16
Őrbottyán,14
Öregcsertő,2
Öreglak,15
Őrhalom,13
Őrimagyarósd,18
Őriszentpéter,18
Örkény,14
Örményes,11
Örménykút,3
Őrtilos,15
Örvényes,19
Ősagárd,13
Ősi,19
Öskü,19
Öttevény,8
Öttömös,6
Ötvöskónyi,15
Pácin,4
Pacsa,20
Pácsony,18
Padár,20
Páhi,2
Páka,20
Pakod,20
Pákozd,7
Paks,17
Palé,1
Pálfa,17
Pálfiszeg,20
Pálháza,4
Páli,8
Palkonya,1
Pálmajor,15
Pálmonostora,2
Pálosvörösmart,10
Palotabozsok,1
Palotás,13
Paloznak,19
Pamlény,4
Pamuk,15
Pánd,14
Pankasz,18
Pannonhalma,8
Pányok,4
Panyola,16
Pap,16
Pápa,19
Pápadereske,19
Pápakovácsi,19
Pápasalamon,19
Pápateszér,19
Papkeszi,19
Pápoc,18
Papos,16
Páprád,1
Parád,10
Parádsasvár,10
Parasznya,4
Pári,17
Paszab,16
Pásztó,13
Pásztori,8
Pat,20
Patak,13
Patalom,15
Patapoklosi,1
Patca,15
Pátka,7
Patosfa,15
Pátroha,16
Patvarc,13
Páty,14
Pátyod,16
Pázmánd,7
Pázmándfalu,8
Pécel,14
Pecöl,18
Pécs,1
Pécsbagota,1
Pécsdevecser,1
Pécsely,19
Pécsudvard,1
Pécsvárad,1
Pellérd,1
Pély,10
Penc,14
Penészlek,16
Pénzesgyőr,19
Penyige,16
Pér,8
Perbál,14
Pere,4
Perecse,4
Pereked,1
Perenye,18
Peresznye,18
Pereszteg,8
Perkáta,7
Perkupa,4
Perőcsény,14
Peterd,1
Péterhida,15
Péteri,14
Pétervására,10
Pétfürdő,19
Pethőhenye,20
Petneháza,16
Petőfibánya,10
Petőfiszállás,2
Petőháza,8
Petőmihályfa,18
Petrikeresztúr,20
Petrivente,20
Pettend,1
Piliny,13
Pilis,14
Pilisborosjenő,14
Piliscsaba,14
Piliscsév,12
Pilisjászfalu,14
Pilismarót,12
Pilisvörösvár,14
Pilisszántó,14
Pilisszentiván,14
Pilisszentkereszt,14
Pilisszentlászló,14
Pincehely,17
Pinkamindszent,18
Pinnye,8
Piricse,16
Pirtó,2
Piskó,1
Pitvaros,6
Pócsa,1
Pocsaj,9
Pócsmegyer,14
Pócspetri,16
Pogány,1
Pogányszentpéter,15
Pókaszepetk,20
Polány,15
Polgár,9
Polgárdi,7
Pomáz,14
Porcsalma,16
Pornóapáti,18
Poroszló,10
Porpác,18
Porrog,15
Porrogszentkirály,15
Porrogszentpál,15
Pórszombat,20
Porva,19
Pósfa,18
Potony,15
Potyond,8
Pölöske,20
Pölöskefő,20
Pörböly,17
Pördefölde,20
Pötréte,20
Prügy,4
Pula,19
Pusztaapáti,20
Pusztaberki,13
Pusztacsalád,8
Pusztacsó,18
Pusztadobos,16
Pusztaederics,20
Pusztafalu,4
Pusztaföldvár,3
Pusztahencse,17
Pusztakovácsi,15
Pusztamagyaród,20
Pusztamérges,6
Pusztamiske,19
Pusztamonostor,11
Pusztaottlaka,3
Pusztaradvány,4
Pusztaszabolcs,7
Pusztaszemes,15
Pusztaszentlászló,20
Pusztaszer,6
Pusztavacs,14
Pusztavám,7
Pusztazámor,14
Putnok,4
Püski,8
Püspökhatvan,14
Püspökladány,9
Püspökmolnári,18
Püspökszilágy,14
Rábacsanak,8
Rábacsécsény,8
Rábagyarmat,18
Rábahídvég,18
Rábakecöl,8
Rábapatona,8
Rábapaty,18
Rábapordány,8
Rábasebes,8
Rábaszentandrás,8
Rábaszentmihály,8
Rábaszentmiklós,8
Rábatamási,8
Rábatöttös,18
Rábcakapi,8
Rácalmás,7
Ráckeresztúr,7
Ráckeve,14
Rád,14
Rádfalva,1
Rádóckölked,18
Radostyán,4
Ragály,4
Rajka,8
Rakaca,4
Rakacaszend,4
Rakamaz,16
Rákóczibánya,13
Rákóczifalva,11
Rákócziújfalu,11
Ráksi,15
Ramocsa,20
Ramocsaháza,16
Rápolt,16
Raposka,19
Rásonysápberencs,4
Rátka,4
Rátót,18
Ravazd,8
Recsk,10
Réde,12
Rédics,20
Regéc,4
Regenye,1
Regöly,17
Rém,2
Remeteszőlős,14
Répáshuta,4
Répcelak,18
Répceszemere,8
Répceszentgyörgy,18
Répcevis,8
Resznek,20
Rétalap,8
Rétközberencs,16
Rétság,13
Révfülöp,19
Révleányvár,4
Rezi,20
Ricse,4
Rigács,19
Rigyác,20
Rimóc,13
Rinyabesenyő,15
Rinyakovácsi,15
Rinyaszentkirály,15
Rinyaújlak,15
Rinyaújnép,15
Rohod,16
Románd,8
Romhány,13
Romonya,1
Rózsafa,1
Rozsály,16
Rózsaszentmárton,10
Röjtökmuzsaj,8
Rönök,18
Röszke,6
Rudabánya,4
Rudolftelep,4
Rum,18
Ruzsa,6
Ságújfalu,13
Ságvár,15
Sajóbábony,4
Sajóecseg,4
Sajógalgóc,4
Sajóhídvég,4
Sajóivánka,4
Sajókápolna,4
Sajókaza,4
Sajókeresztúr,4
Sajólád,4
Sajólászlófalva,4
Sajómercse,4
Sajónémeti,4
Sajóörös,4
Sajópálfala,4
Sajópetri,4
Sajópüspöki,4
Sajósenye,4
Sajószentpéter,4
Sajószöged,4
Sajóvámos,4
Sajóvelezd,4
Sajtoskál,18
Salföld,19
Salgótarján,13
Salköveskút,18
Salomvár,20
Sály,4
Sámod,1
Sámsonháza,13
Sand,20
Sándorfalva,6
Sántos,15
Sáp,9
Sáránd,9
Sárazsadány,4
Sárbogárd,7
Sáregres,7
Sárfimizdó,18
Sárhida,20
Sárisáp,12
Sarkad,3
Sarkadkeresztúr,3
Sárkeresztes,7
Sárkeresztúr,7
Sárkeszi,7
Sármellék,20
Sárok,1
Sárosd,7
Sárospatak,4
Sárpilis,17
Sárrétudvari,9
Sarród,8
Sárszentágota,7
Sárszentlőrinc,17
Sárszentmihály,7
Sarud,10
Sárvár,18
Sásd,1
Sáska,19
Sáta,4
Sátoraljaújhely,4
Sátorhely,1
Sávoly,15
Sé,18
Segesd,15
Selyeb,4
Sellye,1
Semjén,4
Semjénháza,20
Sénye,20
Sényő,16
Seregélyes,7
Serényfalva,4
Sérsekszőlős,15
Sikátor,8
Siklós,1
Siklósbodony,1
Siklósnagyfalu,1
Sima,4
Simaság,18
Simonfa,15
Simontornya,17
Sióagárd,17
Siófok,15
Siójut,15
Sirok,10
Sitke,18
Sobor,8
Sokorópátka,8
Solt,2
Soltszentimre,2
Soltvadkert,2
Sóly,19
Solymár,14
Som,15
Somberek,1
Somlójenő,19
Somlószőlős,19
Somlóvásárhely,19
Somlóvecse,19
Somodor,15
Somogyacsa,15
Somogyapáti,1
Somogyaracs,15
Somogyaszaló,15
Somogybabod,15
Somogybükkösd,15
Somogycsicsó,15
Somogydöröcske,15
Somogyegres,15
Somogyfajsz,15
Somogygeszti,15
Somogyhárságy,1
Somogyhatvan,1
Somogyjád,15
Somogymeggyes,15
Somogysámson,15
Somogysárd,15
Somogysimonyi,15
Somogyszentpál,15
Somogyszil,15
Somogyszob,15
Somogytúr,15
Somogyudvarhely,15
Somogyvámos,15
Somogyvár,15
Somogyviszló,1
Somogyzsitfa,15
Somoskőújfalu,13
Sonkád,16
Soponya,7
Sopron,8
Sopronhorpács,8
Sopronkövesd,8
Sopronnémeti,8
Sorkifalud,18
Sorkikápolna,18
Sormás,20
Sorokpolány,18
Sóshartyán,13
Sóskút,14
Sóstófalva,4
Sósvertike,1
Sótony,18
Söjtör,20
Söpte,18
Söréd,7
Sukoró,7
Sumony,1
Súr,12
Surd,20
Sükösd,2
Sülysáp,14
Sümeg,19
Sümegcsehi,20
Sümegprága,19
Süttő,12
Szabadbattyán,7
Szabadegyháza,7
Szabadhídvég,7
Szabadi,15
Szabadkígyós,3
Szabadszállás,2
Szabadszentkirály,1
Szabás,15
Szabolcs,16
Szabolcsbáka,16
Szabolcsveresmart,16
Szada,14
Szágy,1
Szajk,1
Szajla,10
Szajol,11
Szakácsi,4
Szakadát,17
Szakáld,4
Szakály,17
Szakcs,17
Szakmár,2
Szaknyér,18
Szakoly,16
Szakony,8
Szakonyfalu,18
Szákszend,12
Szalafő,18
Szalánta,1
Szalapa,20
Szalaszend,4
Szalatnak,1
Szálka,17
Szalkszentmárton,2
Szalmatercs,13
Szalonna,4
Szamosangyalos,16
Szamosbecs,16
Szamoskér,16
Szamossályi,16
Szamostatárfalva,16
Szamosújlak,16
Szamosszeg,16
Szanda,13
Szank,2
Szántód,15
Szany,8
Szápár,19
Szaporca,1
Szár,7
Szárász,1
Szárazd,17
Szárföld,8
Szárliget,12
Szarvas,3
Szarvasgede,13
Szarvaskend,18
Szarvaskő,10
Szászberek,11
Szászfa,4
Szászvár,1
Szatmárcseke,16
Szátok,13
Szatta,18
Szatymaz,6
Szava,1
Százhalombatta,14
Szebény,1
Szécsénke,13
Szécsény,13
Szécsényfelfalu,13
Szécsisziget,20
Szederkény,1
Szedres,17
Szeged,6
Szegerdő,15
Szeghalom,3
Szegi,4
Szegilong,4
Szegvár,6
Székely,16
Székelyszabar,1
Székesfehérvár,7
Székkutas,6
Szekszárd,17
Szeleste,18
Szelevény,11
Szellő,1
Szemely,1
Szemenye,18
Szemere,4
Szendehely,13
Szendrő,4
Szendrőlád,4
Szenna,15
Szenta,15
Szentantalfa,19
Szentbalázs,15
Szentbékkálla,19
Szentborbás,15
Szentdénes,1
Szentdomonkos,10
Szente,13
Szentegát,1
Szentendre,14
Szentes,6
Szentgál,19
Szentgáloskér,15
Szentgotthárd,18
Szentgyörgyvár,20
Szentgyörgyvölgy,20
Szentimrefalva,19
Szentistván,4
Szentistvánbaksa,4
Szentjakabfa,19
Szentkatalin,1
Szentkirály,2
Szentkirályszabadja,19
Szentkozmadombja,20
Szentlászló,1
Szentliszló,20
Szentlőrinc,1
Szentlőrinckáta,14
Szentmargitfalva,20
Szentmártonkáta,14
Szentpéterfa,18
Szentpéterfölde,20
Szentpéterszeg,9
Szentpéterúr,20
Szenyér,15
Szepetnek,20
Szerecseny,8
Szeremle,2
Szerencs,4
Szerep,9
Szergény,18
Szigetbecse,14
Szigetcsép,14
Szigethalom,14
Szigetmonostor,14
Szigetszentmárton,14
Szigetszentmiklós,14
Szigetújfalu,14
Szigetvár,1
Szigliget,19
Szihalom,10
Szijártóháza,20
Szikszó,4
Szil,8
Szilágy,1
Szilaspogony,13
Szilsárkány,8
Szilvágy,20
Szilvás,1
Szilvásvárad,10
Szilvásszentmárton,15
Szin,4
Szinpetri,4
Szirák,13
Szirmabesenyő,4
Szob,14
Szokolya,14
Szólád,15
Szolnok,11
Szombathely,18
Szomód,12
Szomolya,4
Szomor,12
Szorgalmatos,16
Szorosad,15
Szőc,19
Szőce,18
Sződ,14
Sződliget,14
Szögliget,4
Szőke,1
Szőkéd,1
Szőkedencs,15
Szőlősardó,4
Szőlősgyörök,15
Szörény,1
Szúcs,10
Szuha,13
Szuhafő,4
Szuhakálló,4
Szuhogy,4
Szulimán,1
Szulok,15
Szurdokpüspöki,13
Szűcsi,10
Szügy,13
Szűr,1
Tab,15
Tabajd,7
Tabdi,2
Táborfalva,14
Tác,7
Tagyon,19
Tahitótfalu,14
Takácsi,19
Tákos,16
Taksony,14
Taktabáj,4
Taktaharkány,4
Taktakenéz,4
Taktaszada,4
Taliándörögd,19
Tállya,4
Tamási,17
Tanakajd,18
Táp,8
Tápióbicske,14
Tápiógyörgye,14
Tápióság,14
Tápiószecső,14
Tápiószele,14
Tápiószentmárton,14
Tápiószőlős,14
Táplánszentkereszt,18
Tapolca,19
Tapsony,15
Tápszentmiklós,8
Tar,13
Tarany,15
Tarcal,4
Tard,4
Tardona,4
Tardos,12
Tarhos,3
Tarján,12
Tarjánpuszta,8
Tárkány,12
Tarnabod,10
Tarnalelesz,10
Tarnaméra,10
Tarnaörs,10
Tarnaszentmária,10
Tarnaszentmiklós,10
Tarnazsadány,10
Tárnok,14
Tárnokréti,8
Tarpa,16
Tarrós,1
Táska,15
Tass,2
Taszár,15
Tát,12
Tata,12
Tatabánya,12
Tataháza,2
Tatárszentgyörgy,14
Tázlár,2
Téglás,9
Tekenye,20
Tékes,1
Teklafalu,1
Telekes,18
Telekgerendás,3
Teleki,15
Telki,14
Telkibánya,4
Tengelic,17
Tengeri,1
Tengőd,15
Tenk,10
Tényő,8
Tépe,9
Terem,16
Terény,13
Tereske,13
Teresztenye,4
Terpes,10
Tés,19
Tésa,14
Tésenfa,1
Téseny,1
Teskánd,20
Tét,8
Tetétlen,9
Tevel,17
Tibolddaróc,4
Tiborszállás,16
Tihany,19
Tikos,15
Tilaj,20
Timár,16
Tinnye,14
Tiszaadony,16
Tiszaalpár,2
Tiszabábolna,4
Tiszabecs,16
Tiszabercel,16
Tiszabezdéd,16
Tiszabő,11
Tiszabura,11
Tiszacsécse,16
Tiszacsege,9
Tiszacsermely,4
Tiszadada,16
Tiszaderzs,11
Tiszadob,16
Tiszadorogma,4
Tiszaeszlár,16
Tiszaföldvár,11
Tiszafüred,11
Tiszagyenda,11
Tiszagyulaháza,9
Tiszaigar,11
Tiszainoka,11
Tiszajenő,11
Tiszakanyár,16
Tiszakarád,4
Tiszakécske,2
Tiszakerecseny,16
Tiszakeszi,4
Tiszakóród,16
Tiszakürt,11
Tiszaladány,4
Tiszalök,16
Tiszalúc,4
Tiszamogyorós,16
Tiszanagyfalu,16
Tiszanána,10
Tiszaörs,11
Tiszapalkonya,4
Tiszapüspöki,11
Tiszarád,16
Tiszaroff,11
Tiszasas,11
Tiszasüly,11
Tiszaszalka,16
Tiszaszentimre,11
Tiszaszentmárton,16
Tiszasziget,6
Tiszaszőlős,11
Tiszatardos,4
Tiszatarján,4
Tiszatelek,16
Tiszatenyő,11
Tiszaug,2
Tiszaújváros,4
Tiszavalk,4
Tiszavárkony,11
Tiszavasvári,16
Tiszavid,16
Tisztaberek,16
Tivadar,16
Tóalmás,14
Tófalu,10
Tófej,20
Tófű,1
Tokaj,4
Tokod,12
Tokodaltáró,12
Tokorcs,18
Tolcsva,4
Told,9
Tolmács,13
Tolna,17
Tolnanémedi,17
Tomajmonostora,11
Tomor,4
Tompa,2
Tompaládony,18
Tordas,7
Tormafölde,20
Tormás,1
Tormásliget,18
Tornabarakony,4
Tornakápolna,4
Tornanádaska,4
Tornaszentandrás,4
Tornaszentjakab,4
Tornyiszentmiklós,20
Tornyosnémeti,4
Tornyospálca,16
Torony,18
Torvaj,15
Tószeg,11
Tótkomlós,3
Tótszentgyörgy,1
Tótszentmárton,20
Tótszerdahely,20
Tótújfalu,15
Tótvázsony,19
Tök,14
Tököl,14
Töltéstava,8
Tömörd,18
Tömörkény,6
Törökbálint,14
Törökkoppány,15
Törökszentmiklós,11
Törtel,14
Töttös,1
Trizs,4
Tunyogmatolcs,16
Tura,14
Túristvándi,16
Túrkeve,11
Túrony,1
Túrricse,16
Tuzsér,16
Türje,20
Tüskevár,19
Tyukod,16
Udvar,1
Udvari,17
Ugod,19
Újbarok,7
Újcsanálos,4
Újdombrád,16
Újfehértó,16
Újhartyán,14
Újiráz,9
Újireg,17
Újkenéz,16
Újkér,8
Újkígyós,3
Újlengyel,14
Újléta,9
Újlőrincfalva,10
Újpetre,1
Újrónafő,8
Újsolt,2
Újszalonta,3
Újszász,11
Újszentiván,6
Újszentmargita,9
Újszilvás,14
Újtelek,2
Újtikos,9
Újudvar,20
Újvárfalva,15
Ukk,19
Und,8
Úny,12
Uppony,4
Ura,16
Uraiújfalu,18
Úrhida,7
Úri,14
Úrkút,19
Uszka,16
Uszód,2
Uzsa,19
Üllés,6
Üllő,14
Üröm,14
Vác,14
Vácduka,14
Vácegres,14
Váchartyán,14
Váckisújfalu,14
Vácrátót,14
Vácszentlászló,14
Vadna,4
Vadosfa,8
Vág,8
Vágáshuta,4
Vaja,16
Vajdácska,4
Vajszló,1
Vajta,7
Vál,7
Valkó,14
Valkonya,20
Vállaj,16
Vállus,20
Vámosatya,16
Vámoscsalád,18
Vámosgyörk,10
Vámosmikola,14
Vámosoroszi,16
Vámospércs,9
Vámosújfalu,4
Vámosszabadi,8
Váncsod,9
Vanyarc,13
Vanyola,19
Várad,1
Váralja,17
Varászló,15
Váraszó,10
Várbalog,8
Varbó,4
Varbóc,4
Várda,15
Várdomb,17
Várfölde,20
Varga,1
Várgesztes,12
Várkesző,19
Várong,17
Városföld,2
Városlőd,19
Várpalota,19
Varsád,17
Varsány,13
Várvölgy,20
Vasad,14
Vasalja,18
Vásárosbéc,1
Vásárosdombó,1
Vásárosfalu,8
Vásárosmiske,18
Vásárosnamény,16
Vasasszonyfa,18
Vasboldogasszony,20
Vasegerszeg,18
Vashosszúfalu,18
Vaskeresztes,18
Vaskút,2
Vasmegyer,16
Vaspör,20
Vassurány,18
Vasvár,18
Vaszar,19
Vászoly,19
Vasszécseny,18
Vasszentmihály,18
Vasszilvágy,18
Vát,18
Vatta,4
Vázsnok,1
Vécs,10
Vecsés,14
Végegyháza,3
Vejti,1
Vékény,1
Vekerd,9
Velem,18
Velemér,18
Velence,7
Velény,1
Véménd,1
Vének,8
Vép,18
Vereb,7
Veresegyház,14
Verőce,14
Verpelét,10
Verseg,14
Versend,1
Vértesacsa,7
Vértesboglár,7
Vérteskethely,12
Vértessomló,12
Vértestolna,12
Vértesszőlős,12
Vése,15
Veszkény,8
Veszprém,19
Veszprémfajsz,19
Veszprémgalsa,19
Veszprémvarsány,8
Vésztő,3
Vezseny,11
Vid,19
Vigántpetend,19
Villány,1
Villánykövesd,1
Vilmány,4
Vilonya,19
Vilyvitány,4
Vinár,19
Vindornyafok,20
Vindornyalak,20
Vindornyaszőlős,20
Visegrád,14
Visnye,15
Visonta,10
Viss,4
Visz,15
Viszák,18
Viszló,4
Visznek,10
Vitnyéd,8
Vízvár,15
Vizslás,13
Vizsoly,4
Vokány,1
Vonyarcvashegy,20
Vöckönd,20
Völcsej,8
Vönöck,18
Vöröstó,19
Vörs,15
Zabar,13
Zádor,1
Zádorfalva,4
Zagyvarékas,11
Zagyvaszántó,10
Záhony,16
Zajk,20
Zajta,16
Zákány,15
Zákányfalu,15
Zákányszék,6
Zala,15
Zalaapáti,20
Zalabaksa,20
Zalabér,20
Zalaboldogfa,20
Zalacsány,20
Zalacséb,20
Zalaegerszeg,20
Zalaerdőd,19
Zalagyömörő,19
Zalahaláp,19
Zalaháshágy,20
Zalaigrice,20
Zalaistvánd,20
Zalakaros,20
Zalakomár,20
Zalaköveskút,20
Zalalövő,20
Zalameggyes,19
Zalamerenye,20
Zalasárszeg,20
Zalaszabar,20
Zalaszántó,20
Zalaszegvár,19
Zalaszentbalázs,20
Zalaszentgrót,20
Zalaszentgyörgy,20
Zalaszentiván,20
Zalaszentjakab,20
Zalaszentlászló,20
Zalaszentlőrinc,20
Zalaszentmárton,20
Zalaszentmihály,20
Zalaszombatfa,20
Zaláta,1
Zalatárnok,20
Zalaújlak,20
Zalavár,20
Zalavég,20
Zalkod,4
Zamárdi,15
Zámoly,7
Zánka,19
Zaránk,10
Závod,17
Zebecke,20
Zebegény,14
Zemplénagárd,4
Zengővárkony,1
Zichyújfalu,7
Zics,15
Ziliz,4
Zimány,15
Zirc,19
Zók,1
Zomba,17
Zubogy,4
Zsadány,3
Zsáka,9
Zsámbék,14
Zsámbok,14
Zsana,2
Zsarolyán,16
Zsebeháza,8
Zsédeny,18
Zselickisfalud,15
Zselickislak,15
Zselicszentpál,15
Zsennye,18
Zsira,8
Zsombó,6
Zsujta,4
Zsurk,16
